"Combinations","Played","LastDrawn","Draws"
"01 01",21,10/17/2024 0:00:00,"17-Oct-2024,31-May-2024,23-Apr-2022,02-Dec-2020,07-Jul-2020"
"01 02",38,10/22/2024 0:00:00,"22-Oct-2024,03-Jun-2023,03-Jan-2023,07-Dec-2022,06-Dec-2022"
"01 03",40,3/7/2025 0:00:00,"07-Mar-2025,03-Sep-2024,01-Feb-2024,19-Oct-2023,18-Dec-2021"
"01 04",40,3/4/2025 0:00:00,"04-Mar-2025,24-Jan-2025,18-Nov-2024,28-Sep-2024,29-Jul-2024"
"01 05",40,10/5/2024 0:00:00,"05-Oct-2024,11-Mar-2024,20-Jan-2024,21-Sep-2023,21-Sep-2023"
"01 06",45,1/24/2025 0:00:00,"24-Jan-2025,18-May-2024,18-Jan-2024,19-Aug-2023,08-Mar-2023"
"01 07",37,1/14/2025 0:00:00,"14-Jan-2025,27-Apr-2023,21-Nov-2022,27-Sep-2022,31-Aug-2022"
"01 08",50,4/16/2025 0:00:00,"16-Apr-2025,21-Nov-2023,02-Jun-2023,27-Apr-2023,25-Feb-2023"
"01 09",33,4/9/2025 0:00:00,"09-Apr-2025,07-Dec-2024,17-Aug-2023,05-Dec-2022,25-May-2022"
"01 10",33,4/10/2025 0:00:00,"10-Apr-2025,07-Mar-2025,13-Apr-2024,29-Sep-2023,31-Dec-2022"
"01 11",43,4/16/2025 0:00:00,"16-Apr-2025,10-Apr-2025,09-Apr-2025,18-Nov-2024,21-Mar-2024"
"01 12",40,6/17/2023 0:00:00,"17-Jun-2023,19-Jan-2023,06-May-2022,02-Dec-2021,07-Sep-2021"
"01 13",36,9/23/2024 0:00:00,"23-Sep-2024,02-Oct-2023,27-Sep-2023,16-Aug-2022,15-Mar-2022"
"01 14",39,9/23/2024 0:00:00,"23-Sep-2024,29-Jul-2024,29-May-2024,20-Apr-2024,12-Dec-2023"
"01 15",50,2/17/2025 0:00:00,"17-Feb-2025,22-Oct-2024,17-Oct-2024,23-Apr-2024,09-Feb-2024"
"01 16",39,7/11/2024 0:00:00,"11-Jul-2024,13-Jun-2024,27-Apr-2024,28-Oct-2023,17-May-2023"
"01 17",37,5/10/2025 0:00:00,"10-May-2025,10-Oct-2024,09-Apr-2024,14-Dec-2023,05-Nov-2022"
"01 18",43,3/4/2025 0:00:00,"04-Mar-2025,24-Oct-2024,17-Oct-2024,11-Jul-2024,24-Dec-2022"
"01 19",36,9/3/2024 0:00:00,"03-Sep-2024,26-Apr-2024,25-Jun-2022,07-Feb-2022,11-May-2021"
"01 20",39,3/18/2024 0:00:00,"18-Mar-2024,12-Mar-2024,12-Dec-2023,05-Jun-2023,25-May-2022"
"01 21",37,10/23/2024 0:00:00,"23-Oct-2024,20-Mar-2024,22-Sep-2023,19-Aug-2023,11-Aug-2023"
"01 22",32,3/26/2025 0:00:00,"26-Mar-2025,13-Apr-2024,07-Feb-2024,07-Nov-2023,08-Feb-2023"
"01 23",52,2/18/2025 0:00:00,"18-Feb-2025,09-Dec-2024,22-Jan-2024,17-Jun-2023,07-Jun-2023"
"01 24",40,5/10/2025 0:00:00,"10-May-2025,27-Mar-2025,22-Apr-2024,20-Oct-2022,16-May-2022"
"01 25",51,4/23/2024 0:00:00,"23-Apr-2024,09-Apr-2024,29-Sep-2023,18-Aug-2023,18-May-2022"
"01 26",51,1/14/2025 0:00:00,"14-Jan-2025,12-Nov-2024,18-Oct-2024,10-Oct-2024,01-Oct-2024"
"01 27",34,5/8/2024 0:00:00,"08-May-2024,14-Sep-2022,27-Dec-2021,04-Jan-2021,04-Jan-2021"
"01 28",44,5/31/2024 0:00:00,"31-May-2024,31-May-2024,01-Feb-2024,05-Nov-2022,15-Sep-2022"
"01 29",51,3/12/2025 0:00:00,"12-Mar-2025,12-Mar-2025,20-Jun-2024,07-Feb-2024,11-Jan-2024"
"01 30",37,9/28/2024 0:00:00,"28-Sep-2024,20-Jun-2024,30-Dec-2022,07-Dec-2022,22-Mar-2022"
"01 31",37,8/11/2023 0:00:00,"11-Aug-2023,27-Sep-2022,05-Jul-2018,29-Mar-2018,23-Mar-2018"
"01 32",45,11/12/2024 0:00:00,"12-Nov-2024,06-Jul-2024,11-Jan-2024,27-Sep-2023,17-May-2023"
"01 33",44,10/5/2024 0:00:00,"05-Oct-2024,21-Nov-2023,07-Nov-2023,30-Sep-2023,30-Sep-2023"
"01 34",43,10/18/2024 0:00:00,"18-Oct-2024,06-Jul-2024,13-Jun-2024,19-Oct-2023,05-Jun-2023"
"01 35",43,7/4/2024 0:00:00,"04-Jul-2024,17-May-2024,08-May-2024,19-Mar-2024,09-Feb-2024"
"01 36",37,12/10/2024 0:00:00,"10-Dec-2024,10-Dec-2024,01-Oct-2024,31-May-2024,18-Jan-2024"
"02 02",16,11/30/2024 0:00:00,"30-Nov-2024,03-Aug-2023,28-Jan-2023,27-Jan-2022,30-Dec-2021"
"02 03",23,7/18/2020 0:00:00,"18-Jul-2020,31-Dec-2019,09-Jul-2018,17-Aug-2017,09-Dec-2016"
"02 04",45,4/8/2025 0:00:00,"08-Apr-2025,02-Dec-2024,09-Oct-2023,08-Oct-2022,11-May-2022"
"02 05",37,4/17/2025 0:00:00,"17-Apr-2025,18-Dec-2024,09-Aug-2023,03-Aug-2023,16-Feb-2023"
"02 06",46,11/30/2024 0:00:00,"30-Nov-2024,07-Apr-2022,30-Apr-2021,30-Oct-2020,06-Jun-2018"
"02 07",36,2/10/2025 0:00:00,"10-Feb-2025,30-Aug-2023,29-Sep-2022,18-Jun-2022,19-Apr-2022"
"02 08",35,10/22/2024 0:00:00,"22-Oct-2024,19-Jan-2024,22-Jun-2023,19-Oct-2022,25-Aug-2022"
"02 09",39,12/13/2024 0:00:00,"13-Dec-2024,11-Jun-2024,11-Jun-2024,04-May-2024,14-Jun-2023"
"02 10",37,11/4/2024 0:00:00,"04-Nov-2024,20-May-2024,09-Nov-2022,14-Sep-2021,11-Aug-2020"
"02 11",27,6/27/2023 0:00:00,"27-Jun-2023,30-Dec-2021,23-Nov-2021,20-Nov-2020,01-Jun-2020"
"02 12",39,10/29/2024 0:00:00,"29-Oct-2024,29-Dec-2023,06-Feb-2023,06-Jan-2023,13-Sep-2022"
"02 13",42,4/8/2025 0:00:00,"08-Apr-2025,10-Jul-2024,24-Jun-2024,04-Aug-2023,28-Jan-2023"
"02 14",37,5/23/2024 0:00:00,"23-May-2024,02-Mar-2024,01-Mar-2024,28-Dec-2023,28-Dec-2023"
"02 15",35,5/2/2025 0:00:00,"02-May-2025,08-Feb-2025,19-Apr-2024,29-May-2023,03-Jan-2023"
"02 16",44,3/14/2025 0:00:00,"14-Mar-2025,13-Sep-2024,29-Dec-2023,15-Nov-2023,27-Dec-2022"
"02 17",44,12/8/2022 0:00:00,"08-Dec-2022,20-Jan-2020,30-Sep-2019,25-Jul-2019,18-Jul-2019"
"02 18",29,7/11/2024 0:00:00,"11-Jul-2024,04-Dec-2023,15-Dec-2020,25-Jan-2019,15-Sep-2018"
"02 19",41,12/12/2024 0:00:00,"12-Dec-2024,19-Apr-2024,29-May-2023,20-Mar-2023,07-Nov-2022"
"02 20",41,7/15/2024 0:00:00,"15-Jul-2024,23-May-2024,20-May-2024,31-May-2023,15-May-2023"
"02 21",42,3/24/2025 0:00:00,"24-Mar-2025,22-May-2024,29-Nov-2023,27-Jun-2022,28-Mar-2022"
"02 22",33,5/31/2023 0:00:00,"31-May-2023,31-Oct-2022,19-Jan-2021,03-Oct-2020,06-Sep-2019"
"02 23",44,10/25/2024 0:00:00,"25-Oct-2024,24-Jun-2024,25-Apr-2024,19-Dec-2023,15-Nov-2023"
"02 24",52,12/6/2024 0:00:00,"06-Dec-2024,05-Mar-2024,18-Mar-2023,14-Jun-2022,31-May-2022"
"02 25",50,2/17/2024 0:00:00,"17-Feb-2024,19-Dec-2023,30-Aug-2023,06-Jun-2023,19-May-2023"
"02 26",41,4/17/2025 0:00:00,"17-Apr-2025,19-Jan-2024,09-Aug-2023,27-Oct-2022,17-Oct-2022"
"02 27",40,11/4/2024 0:00:00,"04-Nov-2024,10-Aug-2023,07-Jul-2023,28-Jan-2023,18-Oct-2022"
"02 28",43,3/1/2024 0:00:00,"01-Mar-2024,06-Jun-2023,17-Nov-2022,29-Sep-2022,04-May-2021"
"02 29",50,10/29/2024 0:00:00,"29-Oct-2024,17-Feb-2024,29-Jul-2023,15-Aug-2022,23-Jun-2022"
"02 30",39,5/1/2025 0:00:00,"01-May-2025,22-Mar-2025,06-Apr-2024,09-Oct-2023,20-Jul-2022"
"02 31",46,3/14/2025 0:00:00,"14-Mar-2025,25-Apr-2024,05-Mar-2024,15-Mar-2023,27-Dec-2022"
"02 32",63,12/18/2024 0:00:00,"18-Dec-2024,22-May-2024,15-Jun-2023,06-Feb-2023,06-Dec-2022"
"02 33",28,12/6/2024 0:00:00,"06-Dec-2024,04-May-2024,06-Apr-2024,29-Nov-2023,22-Jun-2023"
"02 34",33,10/31/2022 0:00:00,"31-Oct-2022,27-Oct-2022,31-May-2022,19-Apr-2022,07-Dec-2020"
"02 35",35,9/14/2024 0:00:00,"14-Sep-2024,15-Jul-2024,02-Mar-2024,07-Jul-2023,03-Jun-2023"
"02 36",36,10/25/2024 0:00:00,"25-Oct-2024,02-Dec-2023,10-Aug-2023,27-Jun-2023,27-Aug-2022"
"03 03",20,3/13/2025 0:00:00,"13-Mar-2025,05-Jun-2024,17-Jul-2023,14-Jun-2023,22-Apr-2019"
"03 04",37,1/17/2025 0:00:00,"17-Jan-2025,24-Dec-2024,18-Sep-2024,21-Dec-2023,01-Nov-2023"
"03 05",38,6/4/2024 0:00:00,"04-Jun-2024,16-May-2024,28-Sep-2023,29-Jul-2023,20-Jul-2023"
"03 06",42,1/18/2025 0:00:00,"18-Jan-2025,24-Feb-2024,21-Dec-2023,24-Jun-2023,15-Jun-2023"
"03 07",46,3/29/2025 0:00:00,"29-Mar-2025,27-Nov-2024,12-Oct-2024,30-Jun-2023,10-Feb-2023"
"03 08",37,11/25/2022 0:00:00,"25-Nov-2022,12-Oct-2022,15-Oct-2021,19-Jul-2018,22-May-2018"
"03 09",36,4/9/2025 0:00:00,"09-Apr-2025,07-Feb-2025,29-Mar-2023,12-Aug-2021,27-Dec-2019"
"03 10",36,9/3/2024 0:00:00,"03-Sep-2024,15-Jun-2024,16-Nov-2023,16-Nov-2023,20-Jul-2023"
"03 11",43,1/7/2025 0:00:00,"07-Jan-2025,16-Dec-2024,27-Nov-2024,30-Oct-2024,30-Oct-2024"
"03 12",45,1/17/2025 0:00:00,"17-Jan-2025,17-Jan-2025,05-Jun-2024,08-Apr-2024,04-Apr-2024"
"03 13",33,10/30/2024 0:00:00,"30-Oct-2024,16-May-2024,01-Apr-2023,11-Mar-2021,26-Jan-2021"
"03 14",41,2/7/2025 0:00:00,"07-Feb-2025,31-Aug-2024,27-Jun-2024,08-Jan-2024,19-Apr-2023"
"03 15",37,11/1/2024 0:00:00,"01-Nov-2024,02-Sep-2024,09-May-2023,01-Mar-2023,17-Jan-2023"
"03 16",28,9/17/2024 0:00:00,"17-Sep-2024,27-Jul-2020,16-Jul-2020,07-Feb-2020,26-Oct-2019"
"03 17",45,3/28/2025 0:00:00,"28-Mar-2025,13-Jun-2023,06-Apr-2023,24-Feb-2022,05-Jan-2022"
"03 18",44,4/21/2025 0:00:00,"21-Apr-2025,30-Sep-2024,10-Sep-2024,24-Apr-2024,16-Nov-2023"
"03 19",33,3/13/2025 0:00:00,"13-Mar-2025,16-Dec-2024,09-Sep-2024,09-Sep-2024,18-May-2024"
"03 20",37,10/30/2024 0:00:00,"30-Oct-2024,16-Jul-2024,02-Jul-2024,01-Feb-2024,25-Nov-2023"
"03 21",44,4/9/2025 0:00:00,"09-Apr-2025,20-Mar-2025,08-Mar-2025,08-Apr-2024,12-Oct-2022"
"03 22",29,6/27/2024 0:00:00,"27-Jun-2024,19-Apr-2023,10-Apr-2023,17-Feb-2023,28-Oct-2022"
"03 23",45,3/8/2025 0:00:00,"08-Mar-2025,07-Mar-2025,30-Sep-2024,14-Aug-2024,16-Jul-2024"
"03 24",53,3/20/2025 0:00:00,"20-Mar-2025,07-Jan-2025,14-Aug-2024,06-May-2024,27-Sep-2023"
"03 25",39,4/19/2025 0:00:00,"19-Apr-2025,18-Oct-2023,31-Jul-2023,28-Mar-2023,12-Jul-2022"
"03 26",41,12/24/2024 0:00:00,"24-Dec-2024,31-Jan-2024,26-Jun-2023,26-May-2023,07-Sep-2022"
"03 27",41,7/2/2024 0:00:00,"02-Jul-2024,24-Feb-2024,18-Oct-2023,06-Sep-2023,16-Sep-2022"
"03 28",40,3/1/2024 0:00:00,"01-Mar-2024,16-Dec-2023,06-Jun-2023,25-Nov-2022,03-Jun-2022"
"03 29",35,3/13/2025 0:00:00,"13-Mar-2025,01-Nov-2024,16-Nov-2023,17-Apr-2023,25-Apr-2022"
"03 30",31,1/8/2024 0:00:00,"08-Jan-2024,26-Oct-2023,21-Jan-2023,09-Apr-2022,02-Sep-2021"
"03 31",35,10/14/2024 0:00:00,"14-Oct-2024,06-May-2024,02-Mar-2021,26-Jan-2021,05-Jan-2021"
"03 32",35,6/15/2024 0:00:00,"15-Jun-2024,27-Nov-2023,18-Oct-2023,17-Jul-2023,15-Jun-2023"
"03 33",30,9/9/2024 0:00:00,"09-Sep-2024,01-Nov-2023,14-Aug-2023,17-Jan-2023,15-Jan-2022"
"03 34",32,5/9/2023 0:00:00,"09-May-2023,06-Apr-2023,07-Dec-2021,18-Apr-2018,30-Oct-2017"
"03 35",31,1/31/2024 0:00:00,"31-Jan-2024,18-Apr-2022,04-Jan-2020,27-Dec-2019,02-Aug-2018"
"03 36",34,5/18/2024 0:00:00,"18-May-2024,01-Mar-2024,04-Jan-2024,19-Jul-2023,17-Jul-2023"
"04 04",20,1/10/2025 0:00:00,"10-Jan-2025,27-Sep-2024,16-Feb-2024,28-Oct-2023,28-Feb-2023"
"04 05",48,3/1/2025 0:00:00,"01-Mar-2025,03-Oct-2024,26-Sep-2024,30-Dec-2023,03-Oct-2023"
"04 06",33,10/2/2024 0:00:00,"02-Oct-2024,07-Jun-2024,12-Apr-2024,18-Jan-2024,20-Jul-2023"
"04 07",36,12/2/2024 0:00:00,"02-Dec-2024,28-Feb-2024,09-Aug-2022,20-Dec-2021,24-Jun-2020"
"04 08",39,7/29/2024 0:00:00,"29-Jul-2024,29-Jul-2024,23-Jul-2022,02-Jul-2022,24-May-2022"
"04 09",42,4/29/2025 0:00:00,"29-Apr-2025,21-Oct-2023,02-Oct-2023,02-Oct-2023,20-Jun-2023"
"04 10",32,11/9/2024 0:00:00,"09-Nov-2024,16-Feb-2024,20-Jul-2023,09-Nov-2022,17-Mar-2022"
"04 11",50,3/5/2025 0:00:00,"05-Mar-2025,08-Jan-2025,17-Sep-2024,27-Aug-2024,09-May-2024"
"04 12",36,4/5/2023 0:00:00,"05-Apr-2023,06-Feb-2023,23-Jul-2022,15-Apr-2021,07-Apr-2021"
"04 13",38,4/5/2025 0:00:00,"05-Apr-2025,13-Feb-2025,19-Jul-2024,06-Jan-2024,15-Dec-2023"
"04 14",38,7/23/2024 0:00:00,"23-Jul-2024,08-Jun-2024,30-Dec-2023,19-Jun-2023,10-Jun-2023"
"04 15",41,1/24/2025 0:00:00,"24-Jan-2025,17-Oct-2024,09-Oct-2024,13-Sep-2024,04-Apr-2024"
"04 16",42,9/17/2024 0:00:00,"17-Sep-2024,13-Sep-2024,27-Aug-2024,03-Jul-2024,17-Jun-2024"
"04 17",40,4/30/2025 0:00:00,"30-Apr-2025,07-Dec-2024,18-Jan-2024,04-Nov-2023,21-May-2022"
"04 18",39,11/28/2024 0:00:00,"28-Nov-2024,30-Jul-2024,12-Apr-2024,19-Dec-2023,13-Dec-2023"
"04 19",42,3/3/2025 0:00:00,"03-Mar-2025,17-Jan-2025,08-Oct-2024,22-Dec-2023,24-Sep-2022"
"04 20",35,4/4/2025 0:00:00,"04-Apr-2025,11-Jun-2024,28-May-2024,13-May-2024,17-Aug-2023"
"04 21",43,4/8/2025 0:00:00,"08-Apr-2025,12-Jun-2024,22-Jan-2024,03-Oct-2023,02-May-2023"
"04 22",31,2/19/2025 0:00:00,"19-Feb-2025,26-Sep-2024,10-Oct-2022,10-Jan-2022,11-Dec-2021"
"04 23",30,3/4/2025 0:00:00,"04-Mar-2025,10-Jan-2025,10-Jun-2023,29-Apr-2022,26-Feb-2022"
"04 24",36,5/15/2025 0:00:00,"15-May-2025,05-May-2025,05-Apr-2025,05-Mar-2025,17-Jun-2024"
"04 25",30,9/18/2024 0:00:00,"18-Sep-2024,31-May-2023,21-May-2022,01-Aug-2016,07-Jul-2016"
"04 26",38,3/28/2025 0:00:00,"28-Mar-2025,14-Oct-2024,23-Jul-2024,06-Jan-2024,13-Jul-2023"
"04 27",42,12/13/2024 0:00:00,"13-Dec-2024,04-Nov-2023,01-Nov-2023,08-Sep-2023,15-Apr-2023"
"04 28",52,4/29/2025 0:00:00,"29-Apr-2025,08-Jan-2025,05-Dec-2024,27-Sep-2024,05-Apr-2024"
"04 29",40,2/13/2025 0:00:00,"13-Feb-2025,14-Dec-2024,05-Dec-2024,17-Feb-2024,13-Feb-2023"
"04 30",46,5/15/2025 0:00:00,"15-May-2025,19-Feb-2025,14-Oct-2024,11-May-2024,22-Dec-2023"
"04 31",39,11/28/2024 0:00:00,"28-Nov-2024,18-Nov-2024,11-Nov-2024,25-Sep-2024,19-Jul-2024"
"04 32",33,5/5/2025 0:00:00,"05-May-2025,04-Apr-2025,23-Dec-2024,07-Dec-2024,23-Jan-2023"
"04 33",34,3/27/2025 0:00:00,"27-Mar-2025,27-Sep-2024,28-May-2024,27-Feb-2024,08-Aug-2022"
"04 34",50,5/14/2025 0:00:00,"14-May-2025,10-Jan-2025,24-Dec-2024,18-Oct-2024,12-Jan-2024"
"04 35",44,4/30/2025 0:00:00,"30-Apr-2025,03-Jul-2024,09-May-2024,25-Mar-2024,23-Mar-2024"
"04 36",41,5/14/2025 0:00:00,"14-May-2025,21-Dec-2024,11-Jan-2024,07-Oct-2023,05-Oct-2023"
"05 05",21,3/26/2024 0:00:00,"26-Mar-2024,23-Nov-2021,19-Nov-2021,05-Oct-2021,08-Mar-2021"
"05 06",35,4/23/2024 0:00:00,"23-Apr-2024,16-Feb-2024,31-Aug-2023,05-May-2023,19-Apr-2023"
"05 07",35,11/20/2024 0:00:00,"20-Nov-2024,02-Oct-2024,24-Jan-2024,31-Aug-2023,31-Jul-2023"
"05 08",45,10/23/2024 0:00:00,"23-Oct-2024,23-Oct-2024,24-Nov-2022,21-Oct-2022,25-Aug-2022"
"05 09",46,4/2/2024 0:00:00,"02-Apr-2024,19-Feb-2024,09-Dec-2023,01-Jun-2023,10-Dec-2022"
"05 10",37,12/18/2023 0:00:00,"18-Dec-2023,01-Dec-2022,26-Oct-2022,02-Sep-2022,24-Aug-2022"
"05 11",33,2/26/2025 0:00:00,"26-Feb-2025,25-Aug-2023,01-Apr-2023,27-Mar-2023,31-Jan-2023"
"05 12",41,1/21/2025 0:00:00,"21-Jan-2025,24-Oct-2024,19-Aug-2022,25-Jun-2022,17-Dec-2021"
"05 13",34,9/2/2024 0:00:00,"02-Sep-2024,24-Jan-2024,01-Aug-2023,06-Jul-2023,09-Jan-2023"
"05 14",50,3/17/2025 0:00:00,"17-Mar-2025,31-Jul-2024,24-Jul-2023,01-Apr-2023,23-Aug-2022"
"05 15",41,7/31/2024 0:00:00,"31-Jul-2024,23-Apr-2024,18-Dec-2023,25-Aug-2023,03-Aug-2023"
"05 16",31,5/16/2025 0:00:00,"16-May-2025,26-Mar-2024,19-Feb-2024,25-Feb-2022,06-Sep-2021"
"05 17",33,6/25/2024 0:00:00,"25-Jun-2024,04-Nov-2023,05-May-2023,31-Aug-2022,11-Mar-2022"
"05 18",38,2/26/2025 0:00:00,"26-Feb-2025,04-Feb-2025,19-Sep-2024,06-Nov-2023,24-Jul-2023"
"05 19",45,3/6/2025 0:00:00,"06-Mar-2025,24-Oct-2024,03-Oct-2024,03-Sep-2024,27-Feb-2024"
"05 20",42,1/20/2025 0:00:00,"20-Jan-2025,26-Dec-2024,17-Dec-2024,12-Mar-2024,09-Dec-2023"
"05 21",43,3/22/2024 0:00:00,"22-Mar-2024,12-Mar-2024,24-May-2023,09-Jan-2023,25-Oct-2022"
"05 22",45,12/3/2024 0:00:00,"03-Dec-2024,19-Sep-2024,25-Jun-2024,15-Sep-2023,01-Jun-2023"
"05 23",29,5/1/2025 0:00:00,"01-May-2025,28-Sep-2023,09-Mar-2023,24-Nov-2022,11-Jun-2022"
"05 24",42,5/16/2024 0:00:00,"16-May-2024,04-Sep-2023,07-Jul-2023,23-Jun-2022,08-Jan-2022"
"05 25",36,5/1/2025 0:00:00,"01-May-2025,17-Apr-2025,17-Mar-2025,14-Jun-2024,05-Nov-2020"
"05 26",41,10/1/2024 0:00:00,"01-Oct-2024,02-Apr-2024,30-Jan-2023,02-Aug-2022,16-Jan-2021"
"05 27",39,12/27/2024 0:00:00,"27-Dec-2024,15-Jun-2024,14-Jun-2024,26-Mar-2024,04-Jan-2023"
"05 28",48,1/21/2025 0:00:00,"21-Jan-2025,21-Jan-2025,20-Nov-2024,04-Jun-2024,22-Mar-2024"
"05 29",38,4/7/2025 0:00:00,"07-Apr-2025,26-Sep-2024,11-Mar-2024,07-Feb-2024,23-Jun-2022"
"05 30",42,3/1/2025 0:00:00,"01-Mar-2025,07-Feb-2024,21-Jul-2022,07-May-2022,09-Mar-2022"
"05 31",41,2/4/2025 0:00:00,"04-Feb-2025,04-Sep-2023,01-Dec-2022,23-Nov-2021,18-Nov-2021"
"05 32",47,4/7/2025 0:00:00,"07-Apr-2025,15-Jun-2024,03-Oct-2023,24-May-2023,20-Apr-2023"
"05 33",47,10/7/2024 0:00:00,"07-Oct-2024,27-Feb-2024,20-Jan-2024,30-Dec-2023,12-Sep-2023"
"05 34",34,12/3/2024 0:00:00,"03-Dec-2024,26-Jan-2023,09-Dec-2022,24-Aug-2022,23-Feb-2021"
"05 35",39,1/10/2023 0:00:00,"10-Jan-2023,22-Sep-2022,10-Aug-2022,21-Jul-2022,21-Jun-2022"
"05 36",47,3/6/2025 0:00:00,"06-Mar-2025,15-Feb-2024,10-Aug-2023,09-Mar-2023,07-Jan-2023"
"06 06",22,2/11/2022 0:00:00,"11-Feb-2022,24-Oct-2020,23-Oct-2020,23-Dec-2017,11-Nov-2016"
"06 07",39,9/16/2024 0:00:00,"16-Sep-2024,13-Jul-2024,02-Mar-2022,02-Nov-2021,09-Jan-2021"
"06 08",38,8/20/2024 0:00:00,"20-Aug-2024,30-Jul-2024,15-Jan-2024,06-May-2023,17-Mar-2023"
"06 09",37,10/2/2024 0:00:00,"02-Oct-2024,16-Aug-2024,13-Jul-2024,10-May-2024,08-Jul-2023"
"06 10",43,5/10/2024 0:00:00,"10-May-2024,16-Feb-2024,28-Nov-2023,16-Jan-2023,22-Apr-2022"
"06 11",36,8/2/2024 0:00:00,"02-Aug-2024,24-Oct-2023,21-Jul-2023,30-Jun-2023,17-Mar-2023"
"06 12",46,5/3/2025 0:00:00,"03-May-2025,30-Nov-2024,16-Sep-2024,28-May-2024,20-Jun-2023"
"06 13",36,8/20/2024 0:00:00,"20-Aug-2024,07-Jun-2024,06-Nov-2023,16-Jan-2023,16-Jan-2023"
"06 14",41,3/17/2025 0:00:00,"17-Mar-2025,15-Mar-2025,07-Nov-2024,31-Jul-2024,28-Jun-2023"
"06 15",41,12/19/2024 0:00:00,"19-Dec-2024,14-Dec-2024,24-Oct-2023,20-Dec-2022,03-Aug-2022"
"06 16",42,4/12/2024 0:00:00,"12-Apr-2024,21-Feb-2023,27-May-2022,07-Apr-2022,23-Dec-2021"
"06 17",42,11/15/2024 0:00:00,"15-Nov-2024,30-Jun-2023,08-Jul-2022,18-Dec-2021,01-Nov-2021"
"06 18",39,10/15/2024 0:00:00,"15-Oct-2024,06-Nov-2023,31-Aug-2023,28-Nov-2022,16-Nov-2021"
"06 19",45,11/15/2024 0:00:00,"15-Nov-2024,21-Oct-2024,19-Oct-2024,18-May-2024,06-Feb-2024"
"06 20",43,2/24/2024 0:00:00,"24-Feb-2024,28-Nov-2023,21-Mar-2023,03-Aug-2022,26-Feb-2022"
"06 21",30,5/2/2023 0:00:00,"02-May-2023,03-Sep-2022,06-Jan-2022,26-Nov-2021,09-Jan-2021"
"06 22",47,8/16/2024 0:00:00,"16-Aug-2024,18-Apr-2024,06-May-2023,23-Feb-2022,05-Feb-2022"
"06 23",49,3/26/2025 0:00:00,"26-Mar-2025,20-Aug-2024,12-Aug-2024,03-Apr-2024,06-Feb-2024"
"06 24",47,5/5/2025 0:00:00,"05-May-2025,05-May-2025,19-Apr-2025,16-Oct-2024,15-Oct-2024"
"06 25",48,4/19/2025 0:00:00,"19-Apr-2025,23-Feb-2024,18-May-2023,18-Apr-2023,31-Mar-2023"
"06 26",50,1/23/2025 0:00:00,"23-Jan-2025,18-Jan-2025,02-Apr-2024,20-Jan-2024,27-Jan-2023"
"06 27",42,12/19/2024 0:00:00,"19-Dec-2024,03-Aug-2024,18-Apr-2024,08-May-2023,03-Nov-2022"
"06 28",43,4/3/2024 0:00:00,"03-Apr-2024,02-Apr-2024,17-Jun-2022,06-Jan-2022,16-Oct-2019"
"06 29",41,12/14/2024 0:00:00,"14-Dec-2024,16-Oct-2024,28-Nov-2022,16-Nov-2022,08-Mar-2022"
"06 30",42,8/21/2023 0:00:00,"21-Aug-2023,14-Apr-2023,21-Mar-2023,21-Feb-2023,24-Nov-2021"
"06 31",41,5/3/2025 0:00:00,"03-May-2025,26-Nov-2024,10-Jun-2024,12-Feb-2024,02-May-2023"
"06 32",51,11/14/2023 0:00:00,"14-Nov-2023,08-Jul-2023,24-Jun-2023,24-Jun-2023,08-Mar-2023"
"06 33",49,3/26/2025 0:00:00,"26-Mar-2025,26-Nov-2024,28-May-2024,20-Jan-2024,14-Nov-2023"
"06 34",50,8/12/2024 0:00:00,"12-Aug-2024,06-May-2023,09-Feb-2023,08-Dec-2022,13-Oct-2022"
"06 35",30,1/15/2024 0:00:00,"15-Jan-2024,15-Apr-2023,02-Nov-2022,17-Jun-2022,14-Apr-2022"
"06 36",47,11/8/2024 0:00:00,"08-Nov-2024,12-Feb-2024,08-May-2023,31-Mar-2023,09-Dec-2022"
"07 07",19,3/25/2022 0:00:00,"25-Mar-2022,20-Dec-2021,19-Dec-2020,30-Oct-2019,03-Sep-2016"
"07 08",37,1/8/2025 0:00:00,"08-Jan-2025,29-Jun-2024,23-Mar-2023,22-Dec-2022,05-Aug-2022"
"07 09",35,2/17/2025 0:00:00,"17-Feb-2025,06-Nov-2024,02-Oct-2024,31-Jul-2023,11-Nov-2021"
"07 10",40,4/20/2022 0:00:00,"20-Apr-2022,17-Mar-2021,07-Jan-2021,05-Jan-2021,17-Oct-2020"
"07 11",44,11/16/2024 0:00:00,"16-Nov-2024,09-Aug-2022,30-Jul-2022,16-Oct-2021,09-Jan-2021"
"07 12",32,12/2/2024 0:00:00,"02-Dec-2024,13-Mar-2024,20-Feb-2024,11-Oct-2023,20-Jun-2023"
"07 13",37,5/14/2024 0:00:00,"14-May-2024,28-May-2022,03-Feb-2020,03-Feb-2020,25-Apr-2019"
"07 14",34,7/26/2024 0:00:00,"26-Jul-2024,01-Jun-2024,22-Jul-2023,11-Sep-2021,09-Nov-2020"
"07 15",35,12/31/2024 0:00:00,"31-Dec-2024,13-Jul-2024,22-May-2023,21-Nov-2022,26-Apr-2022"
"07 16",43,1/6/2025 0:00:00,"06-Jan-2025,31-Dec-2024,26-Oct-2024,11-Sep-2024,11-Sep-2024"
"07 17",47,5/13/2024 0:00:00,"13-May-2024,05-Mar-2024,30-Jun-2023,13-Apr-2023,30-Sep-2022"
"07 18",44,3/29/2025 0:00:00,"29-Mar-2025,06-Jan-2025,28-Mar-2024,06-Mar-2024,13-Feb-2024"
"07 19",35,11/16/2024 0:00:00,"16-Nov-2024,28-Feb-2024,22-Dec-2023,04-Apr-2023,04-Jun-2022"
"07 20",34,6/29/2024 0:00:00,"29-Jun-2024,13-May-2024,06-Mar-2024,29-Sep-2022,10-Aug-2022"
"07 21",39,2/10/2025 0:00:00,"10-Feb-2025,01-Jan-2025,15-Aug-2024,08-Apr-2024,13-Mar-2024"
"07 22",33,2/5/2024 0:00:00,"05-Feb-2024,22-Nov-2022,10-Oct-2022,18-Feb-2022,01-Jan-2022"
"07 23",29,4/28/2025 0:00:00,"28-Apr-2025,11-Oct-2023,16-Sep-2023,27-Apr-2023,10-May-2022"
"07 24",54,4/7/2025 0:00:00,"07-Apr-2025,01-Jan-2025,07-Nov-2024,26-Oct-2024,21-Feb-2024"
"07 25",46,2/15/2025 0:00:00,"15-Feb-2025,14-Jan-2025,09-Aug-2024,28-Mar-2024,24-Feb-2023"
"07 26",45,2/13/2024 0:00:00,"13-Feb-2024,25-Jul-2023,21-Jun-2023,30-Sep-2022,29-Mar-2022"
"07 27",36,5/1/2024 0:00:00,"01-May-2024,06-Mar-2024,25-Jul-2023,10-Mar-2023,21-Apr-2021"
"07 28",28,8/2/2023 0:00:00,"02-Aug-2023,04-Apr-2023,26-Oct-2021,11-Nov-2020,14-Sep-2020"
"07 29",46,4/7/2025 0:00:00,"07-Apr-2025,08-Apr-2024,20-Feb-2024,29-Jul-2023,21-Jul-2023"
"07 30",40,5/1/2024 0:00:00,"01-May-2024,23-Dec-2023,27-Feb-2023,19-Mar-2022,09-Mar-2022"
"07 31",41,4/26/2025 0:00:00,"26-Apr-2025,09-Jan-2025,14-May-2024,21-Feb-2024,02-Aug-2023"
"07 32",37,11/20/2024 0:00:00,"20-Nov-2024,15-Aug-2024,11-Jul-2022,26-Nov-2021,10-Mar-2021"
"07 33",32,4/25/2025 0:00:00,"25-Apr-2025,27-Nov-2024,12-Oct-2024,31-May-2022,23-Mar-2022"
"07 34",45,4/25/2025 0:00:00,"25-Apr-2025,16-Sep-2024,09-Aug-2024,26-Jul-2024,01-Jun-2024"
"07 35",32,4/5/2023 0:00:00,"05-Apr-2023,24-Feb-2023,30-Aug-2022,21-Dec-2021,07-Nov-2020"
"07 36",43,12/21/2024 0:00:00,"21-Dec-2024,21-Dec-2024,24-Jan-2024,15-Oct-2022,03-Dec-2019"
"08 08",18,11/24/2022 0:00:00,"24-Nov-2022,25-Aug-2022,08-Nov-2019,13-Jul-2019,15-Nov-2016"
"08 09",43,2/7/2025 0:00:00,"07-Feb-2025,09-Jan-2025,15-Apr-2024,15-Jan-2024,11-Sep-2023"
"08 10",35,4/10/2025 0:00:00,"10-Apr-2025,08-Feb-2024,13-Nov-2021,03-Aug-2020,02-Jun-2020"
"08 11",32,3/1/2025 0:00:00,"01-Mar-2025,26-Feb-2025,18-Feb-2025,12-Jul-2023,27-May-2023"
"08 12",32,8/24/2024 0:00:00,"24-Aug-2024,18-Jul-2024,29-Apr-2024,16-Jul-2022,26-Aug-2021"
"08 13",35,4/10/2025 0:00:00,"10-Apr-2025,11-Feb-2025,20-Sep-2024,18-Nov-2023,30-Nov-2022"
"08 14",35,7/18/2024 0:00:00,"18-Jul-2024,19-Jun-2023,22-Mar-2023,26-Sep-2022,15-Jun-2022"
"08 15",41,1/16/2025 0:00:00,"16-Jan-2025,04-Oct-2024,21-Sep-2024,17-Nov-2023,05-Jun-2023"
"08 16",36,2/8/2025 0:00:00,"08-Feb-2025,26-Aug-2024,16-Mar-2023,21-Dec-2022,28-Aug-2021"
"08 17",53,7/20/2024 0:00:00,"20-Jul-2024,19-Jun-2024,13-Jun-2023,12-Jun-2023,29-Jul-2022"
"08 18",34,1/9/2025 0:00:00,"09-Jan-2025,14-Jan-2023,26-Aug-2022,20-Mar-2021,16-Jul-2020"
"08 19",40,4/23/2025 0:00:00,"23-Apr-2025,23-Apr-2025,06-Feb-2024,03-Mar-2023,13-Jan-2023"
"08 20",39,8/19/2024 0:00:00,"19-Aug-2024,09-Nov-2023,05-Sep-2023,22-Mar-2023,18-Mar-2023"
"08 21",42,10/23/2024 0:00:00,"23-Oct-2024,15-Apr-2024,07-Dec-2023,19-Aug-2023,03-Mar-2023"
"08 22",40,2/18/2025 0:00:00,"18-Feb-2025,19-Sep-2024,14-Oct-2023,15-Jul-2023,06-May-2023"
"08 23",39,8/24/2024 0:00:00,"24-Aug-2024,19-Jan-2024,07-Dec-2023,26-Aug-2023,22-Aug-2022"
"08 24",52,2/14/2024 0:00:00,"14-Feb-2024,26-Oct-2023,14-Jul-2023,27-May-2023,27-Feb-2023"
"08 25",38,1/4/2025 0:00:00,"04-Jan-2025,18-Sep-2024,25-Jul-2024,23-Feb-2023,08-Jul-2022"
"08 26",31,4/16/2025 0:00:00,"16-Apr-2025,30-Jul-2024,27-Apr-2024,05-Sep-2023,16-Jul-2022"
"08 27",36,2/12/2025 0:00:00,"12-Feb-2025,01-Feb-2025,29-Jun-2024,19-Jun-2024,20-Nov-2023"
"08 28",48,1/8/2025 0:00:00,"08-Jan-2025,03-Jan-2025,19-Nov-2024,08-Nov-2023,19-Oct-2021"
"08 29",35,10/4/2024 0:00:00,"04-Oct-2024,14-Oct-2023,25-Jan-2023,14-May-2022,28-Feb-2022"
"08 30",44,3/1/2025 0:00:00,"01-Mar-2025,26-Aug-2024,23-Mar-2023,24-Nov-2021,16-Jan-2021"
"08 31",43,2/25/2025 0:00:00,"25-Feb-2025,19-Nov-2024,19-Aug-2024,19-Aug-2024,20-Jul-2024"
"08 32",41,2/8/2024 0:00:00,"08-Feb-2024,26-Aug-2023,19-Jun-2023,28-Feb-2022,21-Dec-2021"
"08 33",43,1/16/2025 0:00:00,"16-Jan-2025,05-Aug-2022,15-Feb-2022,30-Aug-2021,21-Aug-2021"
"08 34",36,2/1/2025 0:00:00,"01-Feb-2025,24-Jul-2024,27-Jun-2024,11-Sep-2023,05-Jun-2023"
"08 35",35,7/17/2024 0:00:00,"17-Jul-2024,17-Jul-2024,14-Feb-2024,05-Feb-2024,21-Nov-2023"
"08 36",33,11/17/2023 0:00:00,"17-Nov-2023,26-Oct-2023,12-Jul-2023,22-Jun-2023,17-Mar-2023"
"09 09",24,1/27/2025 0:00:00,"27-Jan-2025,09-Jul-2024,03-Apr-2024,29-Mar-2023,25-Nov-2021"
"09 10",45,9/12/2024 0:00:00,"12-Sep-2024,25-May-2024,24-Jan-2023,24-Jan-2023,09-Oct-2021"
"09 11",39,2/24/2025 0:00:00,"24-Feb-2025,10-Jun-2024,14-Dec-2022,12-Dec-2022,29-Jun-2022"
"09 12",42,12/20/2024 0:00:00,"20-Dec-2024,21-Oct-2023,20-Sep-2023,27-Jun-2022,27-Jun-2022"
"09 13",43,4/29/2025 0:00:00,"29-Apr-2025,12-Apr-2025,27-Jan-2025,26-Jan-2024,02-Oct-2023"
"09 14",38,4/2/2025 0:00:00,"02-Apr-2025,16-Aug-2024,04-Feb-2023,15-Oct-2022,04-Oct-2021"
"09 15",42,2/8/2025 0:00:00,"08-Feb-2025,07-Dec-2022,12-Mar-2022,28-Oct-2021,27-Oct-2021"
"09 16",48,4/2/2025 0:00:00,"02-Apr-2025,08-Feb-2025,06-Sep-2024,10-May-2024,11-Apr-2024"
"09 17",37,3/11/2025 0:00:00,"11-Mar-2025,20-May-2022,17-Dec-2021,29-Apr-2021,29-Apr-2021"
"09 18",48,11/6/2024 0:00:00,"06-Nov-2024,22-Jul-2024,22-Jun-2024,09-Sep-2023,26-Jul-2023"
"09 19",29,5/24/2024 0:00:00,"24-May-2024,10-Mar-2022,19-Jan-2022,20-Apr-2021,10-Nov-2020"
"09 20",37,5/6/2025 0:00:00,"06-May-2025,06-May-2025,11-Jun-2024,09-Dec-2023,22-Mar-2023"
"09 21",33,7/22/2024 0:00:00,"22-Jul-2024,09-Jul-2024,10-Feb-2023,18-Nov-2022,29-Apr-2021"
"09 22",35,2/13/2025 0:00:00,"13-Feb-2025,13-Dec-2024,15-Apr-2024,25-Jan-2024,31-Oct-2022"
"09 23",37,9/11/2024 0:00:00,"11-Sep-2024,23-Dec-2023,18-Aug-2023,09-Mar-2023,19-Jan-2022"
"09 24",37,3/20/2025 0:00:00,"20-Mar-2025,01-Jun-2023,29-Dec-2022,31-Oct-2022,28-Apr-2022"
"09 25",34,7/9/2024 0:00:00,"09-Jul-2024,12-Sep-2023,18-Aug-2023,31-Jul-2023,04-Jul-2023"
"09 26",40,6/6/2024 0:00:00,"06-Jun-2024,08-Mar-2024,27-Jan-2024,10-Dec-2022,06-Sep-2022"
"09 27",25,2/22/2025 0:00:00,"22-Feb-2025,02-Jul-2024,22-Jun-2024,07-Jun-2024,25-May-2023"
"09 28",37,4/12/2025 0:00:00,"12-Apr-2025,03-Apr-2024,01-Feb-2024,31-Jan-2024,25-Jan-2024"
"09 29",37,3/11/2025 0:00:00,"11-Mar-2025,07-May-2024,19-Feb-2024,29-Jan-2024,26-Jan-2024"
"09 30",49,2/12/2025 0:00:00,"12-Feb-2025,30-Jan-2025,30-Jan-2025,11-Feb-2023,07-Jan-2022"
"09 31",45,1/27/2025 0:00:00,"27-Jan-2025,03-May-2024,23-Dec-2023,27-Dec-2022,27-Dec-2022"
"09 32",33,3/20/2025 0:00:00,"20-Mar-2025,19-Dec-2024,07-Dec-2024,12-Jul-2024,11-Apr-2024"
"09 33",49,2/17/2025 0:00:00,"17-Feb-2025,06-Sep-2024,30-Jan-2024,02-Jan-2024,21-Sep-2023"
"09 34",37,1/10/2025 0:00:00,"10-Jan-2025,08-Mar-2024,09-Jan-2024,26-May-2022,27-Dec-2021"
"09 35",35,7/2/2024 0:00:00,"02-Jul-2024,18-May-2023,08-Mar-2023,23-Sep-2022,07-Nov-2020"
"09 36",40,5/7/2024 0:00:00,"07-May-2024,02-Jan-2024,05-Dec-2022,21-Sep-2022,20-Sep-2022"
"10 10",23,2/25/2023 0:00:00,"25-Feb-2023,11-Feb-2023,21-Feb-2022,22-Sep-2020,25-Jun-2020"
"10 11",38,11/22/2024 0:00:00,"22-Nov-2024,25-Oct-2023,29-Jun-2023,20-Mar-2023,09-Oct-2021"
"10 12",36,2/5/2025 0:00:00,"05-Feb-2025,11-Nov-2024,29-Apr-2024,17-Apr-2024,06-Mar-2023"
"10 13",36,1/22/2025 0:00:00,"22-Jan-2025,12-Jul-2024,08-Jul-2024,20-May-2024,10-Jan-2024"
"10 14",56,5/7/2025 0:00:00,"07-May-2025,22-Jan-2025,04-Oct-2024,12-Jul-2024,11-May-2024"
"10 15",38,10/4/2024 0:00:00,"04-Oct-2024,21-Nov-2022,02-Sep-2022,04-Jun-2022,23-May-2022"
"10 16",28,5/25/2024 0:00:00,"25-May-2024,23-Oct-2023,15-Mar-2023,21-Dec-2022,19-Nov-2022"
"10 17",31,11/9/2024 0:00:00,"09-Nov-2024,19-Dec-2022,30-Nov-2022,06-May-2022,08-Apr-2022"
"10 18",30,2/11/2025 0:00:00,"11-Feb-2025,29-Jan-2025,06-Jan-2025,14-Feb-2023,12-Nov-2021"
"10 19",28,3/6/2025 0:00:00,"06-Mar-2025,20-Jan-2023,02-Feb-2022,06-Nov-2021,01-Jan-2020"
"10 20",28,1/6/2025 0:00:00,"06-Jan-2025,20-Dec-2024,05-Dec-2024,22-Apr-2022,14-Apr-2022"
"10 21",34,3/9/2024 0:00:00,"09-Mar-2024,15-Aug-2023,10-Mar-2023,24-Aug-2022,01-Feb-2022"
"10 22",39,8/1/2024 0:00:00,"01-Aug-2024,21-Jun-2024,19-Nov-2022,19-Aug-2020,08-Sep-2018"
"10 23",31,12/18/2023 0:00:00,"18-Dec-2023,07-Sep-2023,03-Jul-2023,03-Jul-2023,07-Jun-2023"
"10 24",34,3/11/2024 0:00:00,"11-Mar-2024,14-Nov-2023,12-Nov-2022,17-Mar-2022,02-Feb-2022"
"10 25",40,3/17/2025 0:00:00,"17-Mar-2025,29-Apr-2024,13-Apr-2024,25-Oct-2023,07-Jun-2023"
"10 26",35,8/1/2024 0:00:00,"01-Aug-2024,24-Apr-2023,21-Jul-2022,16-Jul-2022,01-Jan-2020"
"10 27",26,2/13/2023 0:00:00,"13-Feb-2023,19-Nov-2022,12-Jul-2022,04-Dec-2018,03-Dec-2018"
"10 28",45,3/18/2025 0:00:00,"18-Mar-2025,22-Feb-2025,06-Mar-2023,03-Jun-2022,09-Oct-2019"
"10 29",35,2/11/2025 0:00:00,"11-Feb-2025,17-Jun-2024,10-Jan-2024,25-Feb-2023,13-Feb-2023"
"10 30",44,5/8/2025 0:00:00,"08-May-2025,29-Jan-2025,22-Nov-2024,21-Jun-2024,08-Feb-2024"
"10 31",29,2/4/2025 0:00:00,"04-Feb-2025,11-Nov-2024,12-Sep-2024,17-Apr-2024,17-Apr-2024"
"10 32",43,2/21/2025 0:00:00,"21-Feb-2025,28-Nov-2023,29-Sep-2023,07-Sep-2023,15-Aug-2023"
"10 33",42,11/4/2024 0:00:00,"04-Nov-2024,04-Sep-2024,02-Jan-2024,02-Jan-2024,05-Dec-2023"
"10 34",23,12/4/2024 0:00:00,"04-Dec-2024,08-Jul-2024,13-Jan-2024,23-Mar-2023,22-Jul-2022"
"10 35",37,1/13/2024 0:00:00,"13-Jan-2024,11-Feb-2023,31-Dec-2022,20-Apr-2022,23-Mar-2021"
"10 36",42,12/21/2024 0:00:00,"21-Dec-2024,25-Apr-2023,23-Jan-2023,11-Apr-2022,07-Jan-2020"
"11 11",21,8/2/2024 0:00:00,"02-Aug-2024,27-May-2023,03-Dec-2022,08-Nov-2021,25-Jun-2020"
"11 12",33,9/16/2024 0:00:00,"16-Sep-2024,16-Mar-2024,20-Feb-2024,29-Dec-2023,28-Apr-2023"
"11 13",35,3/25/2025 0:00:00,"25-Mar-2025,03-Feb-2025,27-Jul-2024,23-Jan-2024,18-Nov-2023"
"11 14",54,3/15/2025 0:00:00,"15-Mar-2025,30-Dec-2023,28-Dec-2023,18-Nov-2023,10-Oct-2023"
"11 15",49,1/2/2025 0:00:00,"02-Jan-2025,16-Dec-2024,23-Nov-2024,09-Oct-2024,21-Sep-2024"
"11 16",29,4/16/2025 0:00:00,"16-Apr-2025,27-Aug-2024,10-Aug-2024,29-Dec-2023,25-Jul-2022"
"11 17",41,11/21/2024 0:00:00,"21-Nov-2024,01-Aug-2024,27-Mar-2023,13-Dec-2022,30-Nov-2022"
"11 18",43,3/5/2025 0:00:00,"05-Mar-2025,13-Jan-2025,14-Mar-2024,04-Dec-2023,25-Aug-2023"
"11 19",43,3/10/2025 0:00:00,"10-Mar-2025,21-Jul-2023,20-Mar-2023,06-Jan-2023,08-Jan-2021"
"11 20",40,3/15/2025 0:00:00,"15-Mar-2025,26-Nov-2024,16-Nov-2024,16-Dec-2023,09-Dec-2023"
"11 21",49,5/9/2025 0:00:00,"09-May-2025,12-Nov-2024,28-Aug-2024,10-Aug-2024,09-Mar-2024"
"11 22",42,5/9/2025 0:00:00,"09-May-2025,24-Feb-2025,28-Jun-2024,24-Oct-2023,24-Mar-2023"
"11 23",37,2/18/2025 0:00:00,"18-Feb-2025,27-Oct-2023,23-Sep-2023,29-Dec-2021,10-Sep-2020"
"11 24",28,1/1/2025 0:00:00,"01-Jan-2025,18-Nov-2024,10-Jun-2024,20-Dec-2023,15-Jul-2022"
"11 25",36,1/13/2025 0:00:00,"13-Jan-2025,27-Nov-2024,21-Sep-2024,02-Aug-2024,02-Aug-2024"
"11 26",46,1/2/2025 0:00:00,"02-Jan-2025,04-Oct-2023,25-Sep-2023,26-Jun-2023,23-May-2023"
"11 27",35,5/30/2023 0:00:00,"30-May-2023,01-Feb-2023,12-Dec-2022,22-Jun-2022,04-Mar-2022"
"11 28",33,4/11/2025 0:00:00,"11-Apr-2025,25-Mar-2025,22-Mar-2025,20-Feb-2025,09-Oct-2024"
"11 29",41,5/7/2024 0:00:00,"07-May-2024,20-Feb-2024,12-Jan-2024,21-Feb-2023,30-Aug-2022"
"11 30",41,4/21/2025 0:00:00,"21-Apr-2025,03-Feb-2025,21-Nov-2024,28-Aug-2024,04-Oct-2023"
"11 31",37,4/11/2025 0:00:00,"11-Apr-2025,22-Mar-2025,15-Jan-2025,26-Nov-2024,28-Jun-2024"
"11 32",36,2/20/2025 0:00:00,"20-Feb-2025,01-Jan-2025,12-Nov-2024,14-Mar-2024,04-Dec-2023"
"11 33",45,1/23/2024 0:00:00,"23-Jan-2024,01-Nov-2023,03-Apr-2023,11-Jan-2023,17-Sep-2022"
"11 34",44,2/28/2025 0:00:00,"28-Feb-2025,05-Feb-2025,27-Jul-2024,15-Mar-2024,09-Mar-2024"
"11 35",43,3/10/2025 0:00:00,"10-Mar-2025,06-Feb-2025,09-May-2024,31-Jan-2023,09-Jul-2022"
"11 36",39,4/21/2025 0:00:00,"21-Apr-2025,15-Jan-2025,02-Nov-2023,27-Oct-2023,17-Mar-2023"
"12 12",10,7/1/2024 0:00:00,"01-Jul-2024,05-Aug-2023,17-Jun-2023,02-Apr-2019,11-Apr-2017"
"12 13",45,12/4/2024 0:00:00,"04-Dec-2024,23-Nov-2024,21-Aug-2024,19-Jan-2023,29-Nov-2022"
"12 14",46,12/20/2024 0:00:00,"20-Dec-2024,05-Jun-2024,03-May-2024,02-May-2024,16-Jan-2024"
"12 15",49,1/2/2025 0:00:00,"02-Jan-2025,02-Dec-2024,23-Nov-2024,27-May-2024,04-Apr-2024"
"12 16",40,8/27/2024 0:00:00,"27-Aug-2024,16-Mar-2024,16-Jan-2024,17-Sep-2022,08-Sep-2022"
"12 17",38,7/5/2024 0:00:00,"05-Jul-2024,23-Aug-2023,11-Jul-2022,11-Oct-2021,17-Dec-2020"
"12 18",40,1/28/2025 0:00:00,"28-Jan-2025,13-Mar-2024,21-Aug-2023,01-Mar-2023,05-Jan-2023"
"12 19",35,8/23/2024 0:00:00,"23-Aug-2024,14-Jan-2023,06-Jan-2023,04-Jan-2022,21-Oct-2021"
"12 20",34,10/25/2024 0:00:00,"25-Oct-2024,29-Jun-2024,17-Sep-2022,15-Jul-2022,07-Mar-2022"
"12 21",36,10/20/2023 0:00:00,"20-Oct-2023,24-Jan-2023,02-Nov-2022,04-Oct-2021,30-Apr-2021"
"12 22",45,11/30/2024 0:00:00,"30-Nov-2024,24-Oct-2023,04-Aug-2023,07-Jul-2022,27-May-2022"
"12 23",48,1/21/2025 0:00:00,"21-Jan-2025,05-Aug-2024,27-Apr-2023,26-Apr-2021,11-Feb-2021"
"12 24",34,5/3/2025 0:00:00,"03-May-2025,21-Aug-2024,27-Oct-2022,16-May-2022,04-Jan-2022"
"12 25",34,5/3/2024 0:00:00,"03-May-2024,09-Apr-2024,30-Aug-2023,09-Dec-2021,11-Nov-2021"
"12 26",41,11/11/2024 0:00:00,"11-Nov-2024,09-Aug-2023,26-May-2023,12-Sep-2022,09-Sep-2022"
"12 27",37,9/7/2024 0:00:00,"07-Sep-2024,06-Aug-2024,21-Aug-2023,26-May-2023,10-May-2023"
"12 28",46,3/18/2025 0:00:00,"18-Mar-2025,05-May-2022,02-Dec-2021,25-Oct-2021,01-Oct-2021"
"12 29",34,2/19/2025 0:00:00,"19-Feb-2025,04-Aug-2022,20-May-2022,13-May-2022,23-Feb-2022"
"12 30",35,3/18/2025 0:00:00,"18-Mar-2025,19-Feb-2025,30-Aug-2024,28-Aug-2024,16-Apr-2024"
"12 31",29,1/28/2025 0:00:00,"28-Jan-2025,28-Oct-2024,10-Sep-2022,10-Feb-2021,21-Jun-2019"
"12 32",45,1/2/2025 0:00:00,"02-Jan-2025,01-Jul-2024,29-Feb-2024,23-Oct-2023,23-Aug-2023"
"12 33",27,9/9/2024 0:00:00,"09-Sep-2024,30-Aug-2024,21-Nov-2023,09-Aug-2023,05-Apr-2022"
"12 34",41,12/4/2024 0:00:00,"04-Dec-2024,27-Oct-2022,16-Oct-2020,15-Jun-2020,12-Mar-2020"
"12 35",43,7/18/2024 0:00:00,"18-Jul-2024,05-Jul-2024,20-Nov-2023,05-Aug-2023,05-Apr-2023"
"12 36",44,2/5/2025 0:00:00,"05-Feb-2025,02-May-2024,29-Feb-2024,20-Sep-2023,19-Jul-2023"
"13 13",24,4/12/2025 0:00:00,"12-Apr-2025,08-Oct-2024,14-May-2024,21-Oct-2023,07-Sep-2022"
"13 14",47,12/4/2024 0:00:00,"04-Dec-2024,27-Jul-2024,25-Jul-2024,25-Jul-2024,16-Jan-2024"
"13 15",38,2/28/2025 0:00:00,"28-Feb-2025,23-Nov-2024,23-Sep-2024,02-Feb-2024,10-Nov-2022"
"13 16",33,8/24/2023 0:00:00,"24-Aug-2023,01-Feb-2023,18-Nov-2022,07-Jun-2022,12-Mar-2022"
"13 17",44,1/22/2025 0:00:00,"22-Jan-2025,26-Jul-2024,21-May-2024,16-May-2024,02-Nov-2023"
"13 18",41,10/29/2024 0:00:00,"29-Oct-2024,25-Apr-2024,16-Oct-2023,24-Aug-2023,08-Apr-2023"
"13 19",46,8/16/2022 0:00:00,"16-Aug-2022,17-May-2022,18-Mar-2022,02-Mar-2022,15-Dec-2021"
"13 20",31,2/28/2025 0:00:00,"28-Feb-2025,24-Feb-2025,12-Dec-2024,20-Sep-2024,17-Aug-2024"
"13 21",38,4/5/2025 0:00:00,"05-Apr-2025,04-Oct-2023,22-Feb-2022,27-Sep-2021,12-Mar-2021"
"13 22",39,2/24/2025 0:00:00,"24-Feb-2025,13-Feb-2025,16-Aug-2024,19-Jul-2024,21-May-2024"
"13 23",52,4/28/2025 0:00:00,"28-Apr-2025,25-Mar-2025,09-Dec-2024,24-Sep-2024,24-Sep-2024"
"13 24",46,12/28/2024 0:00:00,"28-Dec-2024,24-Jun-2024,15-May-2024,27-Sep-2023,31-Mar-2023"
"13 25",47,1/14/2025 0:00:00,"14-Jan-2025,13-Jan-2025,25-Jul-2024,23-Feb-2024,15-Dec-2023"
"13 26",33,2/3/2025 0:00:00,"03-Feb-2025,13-Dec-2022,12-Jan-2021,11-Oct-2019,06-Dec-2018"
"13 27",33,4/28/2025 0:00:00,"28-Apr-2025,28-Apr-2025,07-Jun-2024,23-Feb-2024,13-Dec-2022"
"13 28",40,12/9/2024 0:00:00,"09-Dec-2024,08-Nov-2023,08-Nov-2023,02-Nov-2023,04-Aug-2023"
"13 29",37,2/11/2025 0:00:00,"11-Feb-2025,02-Sep-2024,02-Sep-2023,17-Apr-2023,28-Nov-2022"
"13 30",44,1/26/2024 0:00:00,"26-Jan-2024,04-Oct-2023,11-Mar-2023,21-Oct-2020,21-Feb-2019"
"13 31",40,7/10/2024 0:00:00,"10-Jul-2024,06-Jan-2024,03-May-2023,08-Feb-2023,02-Feb-2023"
"13 32",47,4/12/2025 0:00:00,"12-Apr-2025,08-Apr-2025,27-Jan-2025,28-Dec-2024,11-Dec-2024"
"13 33",28,10/7/2024 0:00:00,"07-Oct-2024,14-Oct-2023,12-Jan-2023,07-Oct-2022,05-Oct-2020"
"13 34",50,7/6/2023 0:00:00,"06-Jul-2023,17-Apr-2023,08-Jun-2022,27-Apr-2022,18-Mar-2022"
"13 35",40,4/11/2025 0:00:00,"11-Apr-2025,21-Aug-2024,08-Jul-2024,13-May-2023,06-Jun-2022"
"13 36",34,5/20/2024 0:00:00,"20-May-2024,02-Sep-2023,01-Sep-2023,22-Feb-2022,08-Apr-2021"
"14 14",18,12/28/2023 0:00:00,"28-Dec-2023,29-Jun-2022,27-Jun-2020,02-May-2019,28-Jan-2019"
"14 15",38,4/2/2025 0:00:00,"02-Apr-2025,24-Jan-2025,29-May-2024,07-May-2022,16-Oct-2019"
"14 16",48,5/13/2025 0:00:00,"13-May-2025,11-Jul-2024,20-Apr-2024,23-Mar-2024,29-Feb-2024"
"14 17",38,7/26/2024 0:00:00,"26-Jul-2024,06-Jun-2024,24-May-2024,01-May-2023,25-Apr-2023"
"14 18",43,9/30/2024 0:00:00,"30-Sep-2024,17-Oct-2023,04-Mar-2023,31-Jan-2023,26-Dec-2022"
"14 19",42,5/7/2025 0:00:00,"07-May-2025,10-Feb-2024,17-Oct-2023,15-Jun-2022,30-Apr-2022"
"14 20",50,1/23/2025 0:00:00,"23-Jan-2025,20-Dec-2024,06-Jun-2024,05-Jun-2024,15-Nov-2022"
"14 21",40,7/22/2024 0:00:00,"22-Jul-2024,22-May-2024,29-Nov-2023,07-Feb-2023,01-Jul-2022"
"14 22",34,12/3/2024 0:00:00,"03-Dec-2024,03-Oct-2024,05-Dec-2023,15-Nov-2022,13-May-2019"
"14 23",35,7/18/2024 0:00:00,"18-Jul-2024,07-Nov-2023,23-Sep-2023,03-Jul-2023,01-Oct-2022"
"14 24",32,12/2/2023 0:00:00,"02-Dec-2023,14-Jan-2022,14-Oct-2021,06-Dec-2019,06-Dec-2019"
"14 25",49,9/21/2024 0:00:00,"21-Sep-2024,10-Feb-2024,13-Jan-2024,12-Sep-2023,15-May-2023"
"14 26",46,4/14/2025 0:00:00,"14-Apr-2025,11-May-2024,05-Jan-2024,05-Oct-2023,29-Apr-2023"
"14 27",46,4/14/2025 0:00:00,"14-Apr-2025,14-Apr-2025,18-Dec-2024,10-Jun-2023,28-Jan-2023"
"14 28",37,8/31/2024 0:00:00,"31-Aug-2024,01-Jun-2024,28-Feb-2024,08-Jan-2024,05-Jan-2024"
"14 29",29,11/7/2024 0:00:00,"07-Nov-2024,20-Sep-2019,05-Apr-2019,07-Mar-2018,25-Oct-2017"
"14 30",49,6/8/2024 0:00:00,"08-Jun-2024,01-May-2024,21-Mar-2024,14-Sep-2023,24-Jul-2023"
"14 31",35,3/21/2024 0:00:00,"21-Mar-2024,22-Jul-2023,17-Jul-2020,17-Mar-2020,29-Feb-2020"
"14 32",46,12/18/2024 0:00:00,"18-Dec-2024,15-Aug-2024,22-Jul-2024,29-Nov-2023,11-Oct-2023"
"14 33",27,9/28/2024 0:00:00,"28-Sep-2024,07-Nov-2023,20-Apr-2023,23-Nov-2022,12-Feb-2022"
"14 34",57,6/27/2024 0:00:00,"27-Jun-2024,04-Mar-2024,13-Jan-2024,01-Jul-2023,13-May-2022"
"14 35",48,4/15/2025 0:00:00,"15-Apr-2025,25-Jan-2025,23-Mar-2024,27-Dec-2023,12-May-2023"
"14 36",45,5/13/2025 0:00:00,"13-May-2025,07-Feb-2025,23-Jul-2024,24-May-2024,01-May-2024"
"15 15",15,11/26/2018 0:00:00,"26-Nov-2018,17-Nov-2018,02-Oct-2018,27-Apr-2018,18-Jan-2016"
"15 16",30,8/14/2024 0:00:00,"14-Aug-2024,13-Aug-2024,19-Feb-2024,19-May-2023,09-May-2023"
"15 17",43,4/3/2025 0:00:00,"03-Apr-2025,02-Apr-2025,21-May-2024,10-Nov-2022,12-Mar-2022"
"15 18",25,3/4/2025 0:00:00,"04-Mar-2025,26-Feb-2025,17-Dec-2024,13-Aug-2024,26-Dec-2023"
"15 19",41,3/24/2025 0:00:00,"24-Mar-2025,16-Jan-2025,23-Aug-2024,16-Jul-2024,27-May-2024"
"15 20",36,2/25/2025 0:00:00,"25-Feb-2025,13-Jul-2024,21-May-2024,11-Apr-2024,18-Mar-2024"
"15 21",36,3/24/2025 0:00:00,"24-Mar-2025,25-Jan-2023,06-Oct-2022,30-Jun-2022,30-Sep-2021"
"15 22",30,8/23/2024 0:00:00,"23-Aug-2024,31-Jul-2024,18-Apr-2024,17-Jan-2023,30-Jul-2022"
"15 23",45,4/3/2025 0:00:00,"03-Apr-2025,30-Dec-2024,30-Sep-2024,14-Aug-2024,03-May-2023"
"15 24",37,3/5/2025 0:00:00,"05-Mar-2025,23-Jan-2024,01-Dec-2023,30-Nov-2023,18-Jul-2022"
"15 25",35,12/30/2024 0:00:00,"30-Dec-2024,30-Dec-2024,07-Aug-2024,29-May-2024,17-Feb-2024"
"15 26",36,5/2/2025 0:00:00,"02-May-2025,27-Feb-2025,13-Nov-2024,02-Nov-2024,26-Dec-2023"
"15 27",35,9/19/2023 0:00:00,"19-Sep-2023,08-Sep-2023,30-May-2023,26-Apr-2023,02-Mar-2023"
"15 28",59,2/25/2025 0:00:00,"25-Feb-2025,25-Jan-2024,03-Aug-2023,06-Jan-2022,27-Mar-2021"
"15 29",37,2/27/2025 0:00:00,"27-Feb-2025,02-Sep-2024,26-Feb-2024,19-Sep-2023,11-Apr-2023"
"15 30",35,12/14/2024 0:00:00,"14-Dec-2024,13-Nov-2024,09-Nov-2024,23-Sep-2024,13-Sep-2024"
"15 31",36,11/25/2024 0:00:00,"25-Nov-2024,22-Oct-2024,07-Aug-2024,08-Dec-2023,03-Nov-2023"
"15 32",37,12/19/2024 0:00:00,"19-Dec-2024,17-Jul-2024,11-Apr-2024,19-Jun-2023,04-May-2023"
"15 33",35,2/17/2025 0:00:00,"17-Feb-2025,08-Nov-2024,03-Nov-2023,19-May-2023,19-Sep-2022"
"15 34",39,12/3/2024 0:00:00,"03-Dec-2024,25-Jan-2024,22-Feb-2023,15-Mar-2022,05-Mar-2022"
"15 35",28,2/2/2024 0:00:00,"02-Feb-2024,03-Apr-2023,14-Mar-2022,22-Feb-2021,28-Nov-2020"
"15 36",31,10/1/2024 0:00:00,"01-Oct-2024,03-Jun-2023,13-Dec-2021,26-Mar-2021,16-Mar-2020"
"16 16",25,9/17/2024 0:00:00,"17-Sep-2024,13-Jun-2024,23-Jul-2022,01-Sep-2020,16-Nov-2019"
"16 17",35,5/16/2025 0:00:00,"16-May-2025,16-Apr-2024,09-Apr-2024,18-Sep-2023,11-Jul-2023"
"16 18",46,3/19/2025 0:00:00,"19-Mar-2025,04-Feb-2025,03-Jul-2024,04-Oct-2022,06-Apr-2022"
"16 19",41,5/7/2025 0:00:00,"07-May-2025,09-Aug-2024,24-Aug-2023,18-Feb-2023,26-Nov-2022"
"16 20",43,5/7/2025 0:00:00,"07-May-2025,01-Nov-2024,01-Jul-2024,25-May-2024,27-Apr-2024"
"16 21",40,6/12/2024 0:00:00,"12-Jun-2024,16-Oct-2023,11-Aug-2023,14-Feb-2023,11-Aug-2022"
"16 22",33,3/29/2025 0:00:00,"29-Mar-2025,10-Jul-2023,27-Aug-2022,07-Dec-2021,26-Feb-2020"
"16 23",44,9/11/2024 0:00:00,"11-Sep-2024,05-Aug-2024,29-Jan-2024,21-Mar-2022,08-Feb-2022"
"16 24",34,3/12/2025 0:00:00,"12-Mar-2025,21-Apr-2023,21-Apr-2023,16-Mar-2023,25-Jan-2022"
"16 25",38,1/4/2025 0:00:00,"04-Jan-2025,13-Apr-2024,16-Oct-2023,24-Jun-2022,18-Nov-2021"
"16 26",40,5/2/2025 0:00:00,"02-May-2025,05-Sep-2024,18-Jun-2024,24-Apr-2023,12-Sep-2022"
"16 27",28,3/7/2024 0:00:00,"07-Mar-2024,31-Oct-2023,10-Aug-2023,10-May-2023,01-Feb-2023"
"16 28",45,6/4/2024 0:00:00,"04-Jun-2024,04-Jun-2024,11-Dec-2023,22-Feb-2023,15-Feb-2023"
"16 29",41,4/24/2025 0:00:00,"24-Apr-2025,12-Mar-2025,01-Nov-2024,21-Oct-2024,31-Oct-2023"
"16 30",33,2/3/2025 0:00:00,"03-Feb-2025,16-Apr-2024,22-Nov-2023,12-Sep-2022,13-Jun-2022"
"16 31",51,4/15/2025 0:00:00,"15-Apr-2025,21-Oct-2024,05-Aug-2024,16-Mar-2024,01-Jan-2024"
"16 32",36,5/12/2025 0:00:00,"12-May-2025,19-Mar-2025,31-Dec-2024,29-Aug-2024,01-Jul-2024"
"16 33",47,4/24/2025 0:00:00,"24-Apr-2025,11-Jul-2023,10-Jul-2023,17-Sep-2022,18-Nov-2021"
"16 34",37,4/25/2025 0:00:00,"25-Apr-2025,14-Mar-2025,10-May-2024,08-Mar-2024,25-Nov-2022"
"16 35",47,5/2/2025 0:00:00,"02-May-2025,25-Apr-2025,23-Mar-2024,22-Nov-2023,20-May-2023"
"16 36",40,10/26/2024 0:00:00,"26-Oct-2024,10-Sep-2024,29-Aug-2024,01-Jan-2024,02-Dec-2023"
"17 17",16,9/19/2023 0:00:00,"19-Sep-2023,01-May-2023,24-Feb-2022,01-Oct-2019,08-Oct-2016"
"17 18",44,6/14/2024 0:00:00,"14-Jun-2024,13-May-2024,28-Mar-2024,27-Mar-2024,09-Sep-2023"
"17 19",32,3/28/2025 0:00:00,"28-Mar-2025,06-May-2024,12-Apr-2023,07-Nov-2022,06-Jul-2022"
"17 20",33,4/3/2025 0:00:00,"03-Apr-2025,07-Jan-2025,25-Jun-2024,27-Oct-2021,02-Nov-2020"
"17 21",50,10/12/2024 0:00:00,"12-Oct-2024,10-Oct-2024,19-Jun-2024,26-Oct-2021,20-Feb-2021"
"17 22",42,5/16/2025 0:00:00,"16-May-2025,22-Feb-2024,31-Oct-2023,08-Dec-2022,15-Jan-2021"
"17 23",29,4/3/2025 0:00:00,"03-Apr-2025,22-Jan-2025,23-May-2024,28-Aug-2023,10-Jun-2023"
"17 24",52,4/30/2025 0:00:00,"30-Apr-2025,27-Mar-2025,07-Jan-2025,21-Nov-2024,15-Nov-2024"
"17 25",47,10/11/2024 0:00:00,"11-Oct-2024,14-Jun-2024,22-Aug-2023,01-Nov-2021,11-Oct-2021"
"17 26",47,2/1/2025 0:00:00,"01-Feb-2025,01-Aug-2024,06-Jun-2024,15-May-2024,22-Feb-2024"
"17 27",41,2/1/2025 0:00:00,"01-Feb-2025,02-Nov-2024,19-Sep-2023,05-Jan-2022,07-May-2021"
"17 28",30,2/15/2024 0:00:00,"15-Feb-2024,14-Dec-2023,29-Jul-2022,13-Oct-2020,14-Sep-2020"
"17 29",44,5/4/2024 0:00:00,"04-May-2024,12-Jun-2023,11-Apr-2023,11-Nov-2022,30-Sep-2022"
"17 30",33,11/9/2024 0:00:00,"09-Nov-2024,27-Mar-2023,11-Jan-2023,07-Jul-2022,30-Jun-2022"
"17 31",48,4/26/2025 0:00:00,"26-Apr-2025,10-Jul-2024,05-Jul-2024,09-Sep-2023,13-Jun-2023"
"17 32",40,12/11/2024 0:00:00,"11-Dec-2024,16-Apr-2024,16-Sep-2023,26-Jan-2023,01-Nov-2022"
"17 33",41,3/27/2025 0:00:00,"27-Mar-2025,11-Mar-2025,11-Dec-2024,06-Dec-2024,02-Nov-2024"
"17 34",44,5/10/2025 0:00:00,"10-May-2025,10-Jul-2024,11-Apr-2023,12-Nov-2022,01-Sep-2022"
"17 35",36,4/26/2025 0:00:00,"26-Apr-2025,15-Feb-2024,22-Aug-2023,06-Apr-2023,08-May-2021"
"17 36",41,9/15/2023 0:00:00,"15-Sep-2023,11-Jul-2023,13-Feb-2021,13-Feb-2021,29-Aug-2020"
"18 18",18,6/26/2024 0:00:00,"26-Jun-2024,24-Aug-2023,09-Apr-2021,04-Oct-2017,19-Feb-2016"
"18 19",42,3/10/2025 0:00:00,"10-Mar-2025,29-Jan-2025,29-Nov-2024,24-Oct-2024,26-Apr-2024"
"18 20",49,9/10/2024 0:00:00,"10-Sep-2024,17-Aug-2024,12-Apr-2024,27-Mar-2024,14-Feb-2023"
"18 21",50,12/17/2024 0:00:00,"17-Dec-2024,06-Nov-2024,16-Oct-2023,02-Aug-2023,22-May-2023"
"18 22",42,3/29/2025 0:00:00,"29-Mar-2025,05-Sep-2024,03-Jul-2024,09-Oct-2023,10-Jul-2023"
"18 23",41,6/26/2024 0:00:00,"26-Jun-2024,26-Apr-2024,27-Oct-2023,28-Jun-2023,23-Dec-2022"
"18 24",47,10/16/2024 0:00:00,"16-Oct-2024,27-Dec-2023,24-Nov-2023,18-Apr-2023,06-Apr-2022"
"18 25",37,1/31/2025 0:00:00,"31-Jan-2025,07-Sep-2024,19-Dec-2023,17-Oct-2023,26-Apr-2023"
"18 26",43,3/19/2025 0:00:00,"19-Mar-2025,18-Oct-2024,05-Sep-2024,30-Jul-2024,23-Jul-2024"
"18 27",40,8/13/2024 0:00:00,"13-Aug-2024,25-Mar-2024,07-Mar-2024,29-Oct-2020,16-Sep-2019"
"18 28",39,1/13/2025 0:00:00,"13-Jan-2025,07-Sep-2024,16-Dec-2023,20-Jan-2023,23-Oct-2021"
"18 29",39,10/29/2024 0:00:00,"29-Oct-2024,10-Oct-2023,28-Jun-2023,12-Jun-2023,02-Dec-2022"
"18 30",41,2/13/2024 0:00:00,"13-Feb-2024,12-Jul-2023,20-May-2023,04-Mar-2023,26-Sep-2022"
"18 31",48,4/15/2025 0:00:00,"15-Apr-2025,09-Jan-2025,15-Oct-2024,26-Jun-2024,14-May-2024"
"18 32",40,10/19/2024 0:00:00,"19-Oct-2024,17-Aug-2024,13-Dec-2023,06-Dec-2023,18-Sep-2023"
"18 33",39,3/11/2025 0:00:00,"11-Mar-2025,20-Sep-2024,03-Jan-2024,06-Oct-2023,26-Jul-2023"
"18 34",42,1/31/2025 0:00:00,"31-Jan-2025,28-Jan-2025,13-Jun-2024,06-Dec-2023,26-Aug-2022"
"18 35",42,4/15/2025 0:00:00,"15-Apr-2025,10-Feb-2025,25-Mar-2024,05-Feb-2024,27-Dec-2023"
"18 36",39,4/21/2025 0:00:00,"21-Apr-2025,06-Mar-2025,21-Jun-2024,03-Jan-2024,11-Jul-2023"
"19 19",18,7/5/2023 0:00:00,"05-Jul-2023,25-Mar-2023,06-Oct-2021,11-May-2021,08-Oct-2020"
"19 20",35,4/23/2025 0:00:00,"23-Apr-2025,17-May-2024,30-Apr-2024,16-Aug-2022,03-Mar-2022"
"19 21",36,4/5/2025 0:00:00,"05-Apr-2025,06-Nov-2024,13-Jan-2023,30-Apr-2022,29-Nov-2021"
"19 22",40,3/3/2025 0:00:00,"03-Mar-2025,03-Oct-2024,03-Aug-2024,01-Apr-2024,27-Feb-2024"
"19 23",40,10/11/2024 0:00:00,"11-Oct-2024,24-Sep-2024,16-Jul-2024,24-Apr-2024,09-Feb-2022"
"19 24",38,3/24/2025 0:00:00,"24-Mar-2025,17-May-2024,15-May-2024,06-May-2024,14-Jul-2023"
"19 25",36,1/4/2025 0:00:00,"04-Jan-2025,04-Jan-2025,28-Nov-2024,11-Oct-2024,09-Aug-2024"
"19 26",43,3/28/2025 0:00:00,"28-Mar-2025,15-May-2024,08-Mar-2024,05-Jul-2023,30-Jan-2023"
"19 27",31,6/28/2024 0:00:00,"28-Jun-2024,30-Apr-2024,17-Oct-2023,12-Apr-2023,18-Oct-2022"
"19 28",42,11/14/2024 0:00:00,"14-Nov-2024,14-Nov-2024,27-May-2024,28-Feb-2024,18-Feb-2023"
"19 29",36,11/5/2024 0:00:00,"05-Nov-2024,21-Oct-2024,19-Oct-2024,21-Jul-2023,19-Apr-2021"
"19 30",49,1/30/2025 0:00:00,"30-Jan-2025,16-Dec-2024,29-Nov-2024,24-Sep-2024,29-May-2023"
"19 31",41,3/14/2025 0:00:00,"14-Mar-2025,28-Nov-2024,05-Aug-2024,28-Jun-2024,19-Apr-2024"
"19 32",39,10/8/2024 0:00:00,"08-Oct-2024,06-Dec-2023,05-Dec-2022,22-Oct-2022,21-Oct-2022"
"19 33",30,1/9/2024 0:00:00,"09-Jan-2024,06-Sep-2023,25-Mar-2023,22-Oct-2022,12-Aug-2022"
"19 34",39,4/4/2025 0:00:00,"04-Apr-2025,09-Mar-2024,09-Jan-2024,20-Sep-2021,23-Aug-2021"
"19 35",32,4/24/2025 0:00:00,"24-Apr-2025,20-May-2023,12-Feb-2022,17-Aug-2020,05-Mar-2020"
"19 36",35,12/12/2024 0:00:00,"12-Dec-2024,24-May-2024,05-Apr-2024,12-Feb-2024,05-Dec-2022"
"20 20",29,5/25/2024 0:00:00,"25-May-2024,09-Nov-2023,14-Oct-2022,19-Sep-2022,14-Sep-2021"
"20 21",40,1/18/2025 0:00:00,"18-Jan-2025,17-Dec-2024,14-Feb-2023,05-Sep-2022,16-Aug-2022"
"20 22",32,3/18/2024 0:00:00,"18-Mar-2024,10-Apr-2023,18-Jan-2023,25-May-2022,25-May-2022"
"20 23",37,10/25/2024 0:00:00,"25-Oct-2024,19-Aug-2024,24-Jun-2024,23-May-2024,28-Sep-2023"
"20 24",35,5/15/2025 0:00:00,"15-May-2025,23-Dec-2024,16-Nov-2024,22-Aug-2024,05-Sep-2023"
"20 25",37,1/3/2025 0:00:00,"03-Jan-2025,06-Aug-2024,29-May-2024,29-Apr-2024,15-Dec-2023"
"20 26",40,1/18/2025 0:00:00,"18-Jan-2025,27-Apr-2024,19-Mar-2024,01-Aug-2023,18-Jan-2023"
"20 27",41,4/23/2025 0:00:00,"23-Apr-2025,15-Feb-2025,30-Apr-2024,30-Apr-2024,06-Mar-2024"
"20 28",40,1/23/2025 0:00:00,"23-Jan-2025,03-Jan-2025,27-May-2024,27-Mar-2024,20-Oct-2023"
"20 29",46,5/6/2025 0:00:00,"06-May-2025,05-Dec-2024,25-Nov-2024,17-Jan-2024,22-Sep-2023"
"20 30",49,12/12/2023 0:00:00,"12-Dec-2023,28-Jul-2023,02-Oct-2021,23-Apr-2021,25-Jan-2021"
"20 31",42,8/29/2023 0:00:00,"29-Aug-2023,08-Feb-2023,16-Mar-2022,26-Feb-2022,14-Sep-2021"
"20 32",33,12/23/2024 0:00:00,"23-Dec-2024,06-Aug-2024,15-Jul-2024,28-Sep-2023,23-Sep-2023"
"20 33",28,1/20/2025 0:00:00,"20-Jan-2025,20-Sep-2024,27-Nov-2023,01-Jun-2022,03-Mar-2022"
"20 34",51,3/15/2025 0:00:00,"15-Mar-2025,28-Feb-2025,25-Nov-2023,12-Oct-2023,11-Sep-2023"
"20 35",36,5/15/2025 0:00:00,"15-May-2025,26-Dec-2024,22-Aug-2024,17-May-2024,19-Mar-2024"
"20 36",35,2/15/2025 0:00:00,"15-Feb-2025,12-Dec-2024,10-Sep-2024,09-Nov-2023,16-Aug-2023"
"21 21",20,4/1/2024 0:00:00,"01-Apr-2024,13-Mar-2024,12-Mar-2024,13-Oct-2023,17-Dec-2022"
"21 22",46,2/6/2025 0:00:00,"06-Feb-2025,05-Sep-2024,23-Aug-2024,19-Jun-2024,01-Apr-2024"
"21 23",43,1/22/2024 0:00:00,"22-Jan-2024,23-Jun-2023,16-Jun-2023,30-Dec-2020,07-Dec-2020"
"21 24",39,10/10/2024 0:00:00,"10-Oct-2024,04-Sep-2024,15-Aug-2024,24-Nov-2023,28-Feb-2023"
"21 25",30,9/14/2023 0:00:00,"14-Sep-2023,25-Oct-2021,03-May-2021,10-Sep-2020,21-Aug-2020"
"21 26",46,1/20/2025 0:00:00,"20-Jan-2025,13-Feb-2024,25-Nov-2023,25-Sep-2023,23-Dec-2022"
"21 27",47,3/8/2025 0:00:00,"08-Mar-2025,22-Aug-2024,14-Feb-2024,23-Nov-2023,15-Aug-2023"
"21 28",46,4/1/2024 0:00:00,"01-Apr-2024,20-Oct-2023,28-Jul-2022,12-Jan-2022,25-Sep-2021"
"21 29",38,8/8/2023 0:00:00,"08-Aug-2023,25-Jan-2023,02-Nov-2022,28-Aug-2021,08-Mar-2021"
"21 30",39,11/13/2024 0:00:00,"13-Nov-2024,22-Mar-2024,14-Sep-2023,12-Aug-2023,12-Apr-2021"
"21 31",39,5/9/2025 0:00:00,"09-May-2025,21-Mar-2025,12-Jun-2024,12-Jun-2024,03-Jun-2024"
"21 32",32,12/31/2024 0:00:00,"31-Dec-2024,24-Jul-2024,15-Apr-2024,17-Dec-2022,13-Aug-2021"
"21 33",32,10/12/2024 0:00:00,"12-Oct-2024,12-Aug-2023,02-Jan-2023,26-Mar-2021,03-Mar-2021"
"21 34",40,7/24/2024 0:00:00,"24-Jul-2024,09-Jul-2024,03-Jun-2024,25-Nov-2023,12-Oct-2023"
"21 35",43,2/10/2025 0:00:00,"10-Feb-2025,06-Feb-2025,20-Mar-2024,16-Jun-2023,11-Aug-2022"
"21 36",44,5/13/2025 0:00:00,"13-May-2025,13-May-2025,28-Aug-2024,10-Aug-2024,22-Sep-2023"
"22 22",24,9/19/2024 0:00:00,"19-Sep-2024,11-Mar-2023,28-Aug-2019,23-Apr-2018,27-May-2017"
"22 23",34,3/8/2025 0:00:00,"08-Mar-2025,19-Jul-2024,25-Jun-2024,18-Jun-2024,06-Feb-2024"
"22 24",41,5/9/2025 0:00:00,"09-May-2025,28-Oct-2022,10-Jun-2022,02-Jun-2022,17-Mar-2022"
"22 25",42,3/3/2025 0:00:00,"03-Mar-2025,22-Feb-2024,01-Dec-2023,03-Oct-2022,08-Dec-2020"
"22 26",51,11/29/2024 0:00:00,"29-Nov-2024,04-Mar-2024,01-Dec-2023,30-Oct-2023,13-Mar-2023"
"22 27",47,2/22/2025 0:00:00,"22-Feb-2025,13-Dec-2024,27-Jul-2023,25-Jul-2023,04-Jan-2023"
"22 28",45,2/22/2025 0:00:00,"22-Feb-2025,08-Nov-2023,30-Oct-2023,04-Aug-2023,31-Dec-2022"
"22 29",31,9/26/2024 0:00:00,"26-Sep-2024,26-Feb-2024,26-Jan-2024,31-Oct-2023,30-Aug-2022"
"22 30",39,10/9/2023 0:00:00,"09-Oct-2023,12-Aug-2023,24-Jul-2023,12-Sep-2022,08-Jun-2022"
"22 31",39,7/4/2024 0:00:00,"04-Jul-2024,16-Mar-2024,04-Mar-2024,26-Dec-2022,15-Nov-2022"
"22 32",32,5/22/2024 0:00:00,"22-May-2024,27-Jul-2023,15-Jul-2023,03-Jan-2023,24-Mar-2022"
"22 33",31,3/26/2025 0:00:00,"26-Mar-2025,08-Nov-2024,03-Aug-2024,12-Aug-2023,24-Mar-2023"
"22 34",46,12/8/2022 0:00:00,"08-Dec-2022,16-Sep-2022,03-Oct-2020,16-Feb-2019,09-Jan-2019"
"22 35",34,5/16/2025 0:00:00,"16-May-2025,10-Mar-2025,15-Feb-2023,26-Dec-2022,13-Sep-2022"
"22 36",45,2/6/2025 0:00:00,"06-Feb-2025,08-Nov-2024,21-Jun-2024,03-Feb-2024,15-Sep-2023"
"23 23",19,6/23/2023 0:00:00,"23-Jun-2023,09-Mar-2023,03-Feb-2023,03-Nov-2021,04-Mar-2020"
"23 24",45,6/18/2024 0:00:00,"18-Jun-2024,21-Dec-2023,24-Dec-2022,22-Aug-2022,04-Sep-2021"
"23 25",33,3/3/2025 0:00:00,"03-Mar-2025,12-Aug-2024,24-Apr-2024,07-Aug-2023,10-Dec-2021"
"23 26",45,10/11/2024 0:00:00,"11-Oct-2024,08-Aug-2024,10-Nov-2023,28-Aug-2023,11-Jun-2022"
"23 27",30,3/7/2025 0:00:00,"07-Mar-2025,07-Mar-2024,07-Mar-2024,04-Nov-2023,16-Nov-2022"
"23 28",40,7/1/2022 0:00:00,"01-Jul-2022,11-Jun-2022,18-Jan-2022,10-Jan-2022,08-Sep-2021"
"23 29",52,1/11/2025 0:00:00,"11-Jan-2025,25-Nov-2024,05-Oct-2024,25-Sep-2024,29-Jan-2024"
"23 30",32,12/23/2023 0:00:00,"23-Dec-2023,22-Nov-2023,27-Nov-2021,10-Jun-2020,24-Feb-2020"
"23 31",54,11/25/2024 0:00:00,"25-Nov-2024,26-Apr-2024,07-Dec-2023,13-Nov-2023,03-Nov-2023"
"23 32",31,8/17/2024 0:00:00,"17-Aug-2024,10-Nov-2023,11-Oct-2023,17-May-2023,21-Sep-2022"
"23 33",37,10/5/2024 0:00:00,"05-Oct-2024,24-Aug-2024,08-Aug-2024,23-Jun-2023,04-May-2023"
"23 34",33,11/22/2023 0:00:00,"22-Nov-2023,26-Aug-2022,23-Feb-2021,31-Jul-2020,29-Jun-2020"
"23 35",34,4/30/2025 0:00:00,"30-Apr-2025,30-Dec-2024,16-Sep-2023,03-Feb-2023,03-Nov-2021"
"23 36",38,5/2/2024 0:00:00,"02-May-2024,02-May-2024,19-Jan-2024,13-Nov-2023,21-Sep-2022"
"24 24",22,11/15/2024 0:00:00,"15-Nov-2024,17-Jun-2020,02-Jul-2019,02-Jul-2018,18-Dec-2017"
"24 25",38,2/14/2025 0:00:00,"14-Feb-2025,22-Feb-2024,03-Oct-2022,14-Jun-2022,28-Apr-2022"
"24 26",35,9/4/2024 0:00:00,"04-Sep-2024,18-Jun-2024,21-Feb-2024,30-Jan-2024,26-Oct-2022"
"24 27",45,2/12/2025 0:00:00,"12-Feb-2025,22-Nov-2024,14-Nov-2024,22-Aug-2024,22-Jun-2024"
"24 28",44,4/29/2025 0:00:00,"29-Apr-2025,25-Mar-2025,21-Mar-2025,06-Dec-2024,09-Oct-2024"
"24 29",45,3/13/2025 0:00:00,"13-Mar-2025,14-Feb-2025,28-Dec-2024,07-Nov-2024,16-Oct-2024"
"24 30",42,2/12/2025 0:00:00,"12-Feb-2025,30-Jan-2024,26-Oct-2023,27-Feb-2023,21-Jan-2023"
"24 31",29,5/8/2025 0:00:00,"08-May-2025,05-Sep-2023,27-May-2023,26-Oct-2022,18-Feb-2021"
"24 32",50,3/21/2025 0:00:00,"21-Mar-2025,23-Dec-2024,26-Oct-2024,20-Jul-2024,30-Nov-2023"
"24 33",39,5/12/2025 0:00:00,"12-May-2025,30-Aug-2024,24-Aug-2024,23-Jan-2024,14-Nov-2023"
"24 34",36,8/26/2024 0:00:00,"26-Aug-2024,18-Jul-2023,18-Mar-2023,16-Mar-2023,08-Nov-2022"
"24 35",36,4/19/2025 0:00:00,"19-Apr-2025,27-Dec-2023,15-Feb-2023,04-Apr-2022,28-Sep-2021"
"24 36",38,8/30/2024 0:00:00,"30-Aug-2024,31-Mar-2023,17-Apr-2021,15-Feb-2021,17-Nov-2020"
"25 25",16,9/18/2024 0:00:00,"18-Sep-2024,08-Aug-2022,08-Jan-2020,28-Dec-2018,28-Dec-2018"
"25 26",38,1/3/2025 0:00:00,"03-Jan-2025,06-Sep-2024,10-Nov-2023,23-May-2023,10-Oct-2022"
"25 27",38,6/20/2024 0:00:00,"20-Jun-2024,26-Apr-2023,07-Mar-2023,10-Sep-2022,08-Apr-2021"
"25 28",25,5/30/2023 0:00:00,"30-May-2023,18-Apr-2023,28-Mar-2023,14-Nov-2022,26-Jul-2022"
"25 29",47,2/14/2025 0:00:00,"14-Feb-2025,20-Jun-2024,12-Jan-2024,26-Sep-2023,04-Jul-2023"
"25 30",37,5/1/2025 0:00:00,"01-May-2025,30-Jan-2025,08-Jun-2024,10-Feb-2024,12-Jul-2022"
"25 31",52,6/8/2024 0:00:00,"08-Jun-2024,03-May-2024,08-Aug-2023,18-Jul-2023,01-Dec-2022"
"25 32",35,11/27/2023 0:00:00,"27-Nov-2023,18-Oct-2023,13-Sep-2023,12-May-2023,26-Jul-2022"
"25 33",43,11/4/2024 0:00:00,"04-Nov-2024,06-Apr-2024,27-Nov-2023,26-Sep-2023,14-Dec-2022"
"25 34",39,11/10/2023 0:00:00,"10-Nov-2023,18-Jul-2023,23-May-2023,23-May-2023,09-Sep-2022"
"25 35",35,4/17/2025 0:00:00,"17-Apr-2025,05-Nov-2024,08-Jul-2024,22-Aug-2023,16-Jun-2023"
"25 36",42,2/15/2025 0:00:00,"15-Feb-2025,10-Aug-2024,29-Sep-2023,05-Oct-2022,08-Aug-2022"
"26 26",19,3/19/2024 0:00:00,"19-Mar-2024,27-Jan-2024,25-Jul-2023,29-Oct-2022,27-Dec-2016"
"26 27",43,4/22/2025 0:00:00,"22-Apr-2025,27-Feb-2025,08-May-2024,20-Apr-2024,05-Jul-2023"
"26 28",46,4/22/2025 0:00:00,"22-Apr-2025,23-Jan-2025,13-Nov-2024,04-Jan-2024,21-Jun-2023"
"26 29",45,12/2/2022 0:00:00,"02-Dec-2022,05-Nov-2022,05-Aug-2022,22-Sep-2021,24-Aug-2021"
"26 30",44,3/19/2025 0:00:00,"19-Mar-2025,29-Nov-2024,11-May-2024,13-Mar-2023,18-Jan-2023"
"26 31",46,10/14/2024 0:00:00,"14-Oct-2024,04-Jul-2024,27-Jan-2024,26-Dec-2023,26-Jun-2023"
"26 32",36,4/14/2025 0:00:00,"14-Apr-2025,24-Dec-2024,01-Nov-2022,25-Oct-2022,19-May-2022"
"26 33",34,1/20/2025 0:00:00,"20-Jan-2025,11-Dec-2024,02-Nov-2024,06-Sep-2024,04-Sep-2024"
"26 34",35,3/4/2024 0:00:00,"04-Mar-2024,30-Sep-2022,09-Sep-2022,20-Jul-2022,13-May-2022"
"26 35",41,9/22/2022 0:00:00,"22-Sep-2022,22-Sep-2022,21-Jul-2022,03-Dec-2021,11-Dec-2020"
"26 36",47,1/15/2025 0:00:00,"15-Jan-2025,10-Dec-2024,08-Aug-2024,08-May-2024,20-Mar-2024"
"27 27",27,12/27/2024 0:00:00,"27-Dec-2024,22-Jun-2024,25-May-2023,12-Apr-2023,12-Dec-2022"
"27 28",46,11/14/2024 0:00:00,"14-Nov-2024,07-Sep-2024,31-Aug-2024,27-Mar-2024,06-Jul-2023"
"27 29",45,2/27/2025 0:00:00,"27-Feb-2025,14-Feb-2025,14-Mar-2024,17-Jan-2024,08-Sep-2023"
"27 30",38,11/22/2024 0:00:00,"22-Nov-2024,12-Sep-2024,21-Aug-2023,07-Jun-2022,04-Jan-2021"
"27 31",41,9/12/2024 0:00:00,"12-Sep-2024,19-Apr-2024,18-Apr-2024,09-Feb-2024,09-Sep-2023"
"27 32",40,11/20/2024 0:00:00,"20-Nov-2024,06-Aug-2024,25-Mar-2024,08-Feb-2024,07-Sep-2023"
"27 33",32,8/3/2024 0:00:00,"03-Aug-2024,23-Nov-2023,20-Nov-2023,30-Aug-2021,28-Nov-2019"
"27 34",47,12/27/2024 0:00:00,"27-Dec-2024,19-Nov-2024,13-Aug-2024,03-Feb-2024,19-Oct-2023"
"27 35",55,3/15/2024 0:00:00,"15-Mar-2024,02-Feb-2024,19-Oct-2023,28-Apr-2023,15-Apr-2023"
"27 36",30,8/31/2024 0:00:00,"31-Aug-2024,16-Aug-2023,29-Apr-2023,10-Mar-2023,17-Nov-2022"
"28 28",20,3/18/2025 0:00:00,"18-Mar-2025,05-Jan-2024,26-Dec-2020,24-Jul-2019,18-May-2019"
"28 29",39,10/28/2024 0:00:00,"28-Oct-2024,23-May-2022,20-May-2022,10-Jan-2022,19-Nov-2020"
"28 30",48,11/21/2024 0:00:00,"21-Nov-2024,03-Jun-2024,14-Dec-2023,16-May-2023,14-Apr-2023"
"28 31",35,2/25/2025 0:00:00,"25-Feb-2025,11-Jan-2025,28-Sep-2022,17-Jun-2022,12-Jan-2022"
"28 32",41,5/12/2025 0:00:00,"12-May-2025,20-Feb-2025,28-Oct-2024,08-Jan-2024,28-Sep-2022"
"28 33",30,5/12/2025 0:00:00,"12-May-2025,27-Sep-2024,22-Jun-2023,12-Jan-2023,12-Jan-2023"
"28 34",47,11/19/2024 0:00:00,"19-Nov-2024,06-Jul-2023,04-Apr-2023,09-Dec-2022,25-Nov-2022"
"28 35",31,4/22/2025 0:00:00,"22-Apr-2025,22-Mar-2024,31-Jan-2024,31-Dec-2022,23-Sep-2022"
"28 36",40,12/9/2024 0:00:00,"09-Dec-2024,01-Jun-2024,05-Apr-2024,15-Feb-2024,04-Jan-2024"
"29 29",19,2/26/2024 0:00:00,"26-Feb-2024,26-Feb-2024,20-Sep-2023,16-Sep-2021,16-Sep-2021"
"29 30",42,4/6/2024 0:00:00,"06-Apr-2024,29-Aug-2023,16-May-2023,21-Feb-2023,22-Feb-2022"
"29 31",54,2/21/2025 0:00:00,"21-Feb-2025,05-Nov-2024,28-Oct-2024,14-Sep-2024,07-Aug-2024"
"29 32",42,5/6/2025 0:00:00,"06-May-2025,21-Feb-2025,20-Feb-2025,19-Oct-2024,25-Sep-2024"
"29 33",34,5/4/2024 0:00:00,"04-May-2024,14-Oct-2023,08-Aug-2023,09-Jun-2023,02-Feb-2023"
"29 34",51,1/11/2025 0:00:00,"11-Jan-2025,26-Dec-2024,14-Sep-2024,10-Oct-2023,08-May-2023"
"29 35",34,4/24/2025 0:00:00,"24-Apr-2025,28-Dec-2024,26-Dec-2024,02-Nov-2022,09-Dec-2021"
"29 36",41,8/7/2024 0:00:00,"07-Aug-2024,11-Nov-2023,22-Sep-2023,20-Sep-2023,01-Sep-2023"
"30 30",22,9/1/2022 0:00:00,"01-Sep-2022,04-Jun-2020,24-Feb-2020,10-Jun-2019,28-Mar-2018"
"30 31",46,3/22/2025 0:00:00,"22-Mar-2025,15-Oct-2024,03-Jun-2024,12-Feb-2024,27-Jan-2024"
"30 32",44,12/13/2023 0:00:00,"13-Dec-2023,27-Jul-2023,24-Mar-2023,04-Feb-2023,09-Jun-2022"
"30 33",37,5/8/2025 0:00:00,"08-May-2025,28-Sep-2024,30-Jan-2024,18-Oct-2021,28-Sep-2020"
"30 34",43,8/26/2024 0:00:00,"26-Aug-2024,03-Feb-2024,22-Dec-2022,01-Sep-2022,02-Jul-2022"
"30 35",38,4/22/2025 0:00:00,"22-Apr-2025,29-Jan-2025,29-Aug-2024,28-Apr-2023,11-Feb-2023"
"30 36",40,5/14/2025 0:00:00,"14-May-2025,03-Feb-2024,17-Feb-2023,07-Jul-2022,18-Feb-2021"
"31 31",28,11/13/2023 0:00:00,"13-Nov-2023,10-Feb-2021,08-Jan-2021,24-Sep-2018,06-Aug-2018"
"31 32",38,3/21/2025 0:00:00,"21-Mar-2025,21-Feb-2025,25-Jan-2025,25-Sep-2024,05-Jul-2024"
"31 33",34,5/8/2025 0:00:00,"08-May-2025,01-Jan-2024,05-Dec-2023,11-Aug-2023,05-May-2023"
"31 34",43,5/10/2025 0:00:00,"10-May-2025,31-Jan-2025,31-Jan-2025,25-Jan-2025,11-Jan-2025"
"31 35",44,5/3/2025 0:00:00,"03-May-2025,11-Apr-2025,05-Nov-2024,14-Sep-2024,09-Feb-2024"
"31 36",52,1/15/2025 0:00:00,"15-Jan-2025,06-Oct-2023,17-Jul-2023,13-Mar-2023,02-Feb-2023"
"32 32",18,12/13/2023 0:00:00,"13-Dec-2023,11-May-2023,22-Apr-2022,05-Feb-2020,22-Dec-2017"
"32 33",31,1/9/2024 0:00:00,"09-Jan-2024,28-Nov-2023,04-May-2023,17-Dec-2022,12-Aug-2022"
"32 34",40,4/4/2025 0:00:00,"04-Apr-2025,27-Dec-2024,07-Nov-2022,01-Oct-2022,30-May-2022"
"32 35",40,8/29/2024 0:00:00,"29-Aug-2024,17-Jul-2024,15-Jul-2024,16-Sep-2023,20-Apr-2023"
"32 36",45,7/24/2024 0:00:00,"24-Jul-2024,11-Jan-2024,13-Apr-2023,27-Nov-2021,17-Sep-2020"
"33 33",16,3/25/2023 0:00:00,"25-Mar-2023,06-Aug-2022,20-Sep-2021,19-Feb-2021,05-Dec-2020"
"33 34",41,10/7/2024 0:00:00,"07-Oct-2024,07-Oct-2024,08-Aug-2024,23-Nov-2023,25-Sep-2023"
"33 35",25,11/20/2023 0:00:00,"20-Nov-2023,03-Apr-2023,14-Mar-2023,18-Apr-2022,12-Feb-2022"
"33 36",37,1/16/2025 0:00:00,"16-Jan-2025,03-Jan-2024,01-Jan-2024,06-Oct-2023,08-Aug-2022"
"34 34",14,8/12/2024 0:00:00,"12-Aug-2024,27-Jul-2024,09-Sep-2022,13-Nov-2018,31-May-2016"
"34 35",35,1/28/2025 0:00:00,"28-Jan-2025,25-Jan-2025,06-Jul-2024,06-Jul-2024,09-May-2024"
"34 36",37,5/14/2025 0:00:00,"14-May-2025,05-Feb-2025,24-Jan-2024,09-Nov-2023,09-May-2023"
"35 35",16,4/26/2025 0:00:00,"26-Apr-2025,15-Mar-2024,20-Apr-2022,22-Jan-2021,08-Aug-2020"
"35 36",31,3/20/2024 0:00:00,"20-Mar-2024,02-Mar-2024,03-Jun-2023,09-Dec-2020,08-Aug-2020"
"36 36",17,12/10/2024 0:00:00,"10-Dec-2024,11-Dec-2023,07-Oct-2023,30-Sep-2023,07-Jan-2023"
